reviewId,userName,userImage,content,score,thumbsUpCount,reviewCreatedVersion,at,replyContent,repliedAt,sortOrder,appId
gp:AOqpTOEkQbdd0UFIKK0IWLAYs_hY2H2wPWYh73nfpOLd9So4lNOLNCRre6t80UbVHuRPe4p13XCQwqOONPqd9w,Syed Tazrian Ahmed Shampricto,https://lh3.googleusercontent.com/a-/AOh14Gh4OCiZclo_gJImEp781fjoUjctL9GRekIoLRz2ag,Awesome!! Easy to use......just perfect!!!!,5,0,15.8.2,2020-07-22 20:15:31,,,newest,com.todoist
gp:AOqpTOFmT3JA_N0f8SsXEe8h-MHKW6udUgFeiLnZZ8iC6ZYXbbnVLFQ2CYuFZuW_u60EWpDx5ILg8mbzw7jSCWY,Adrian,https://lh3.googleusercontent.com/-A9Q-0bFoFuQ/AAAAAAAAAAI/AAAAAAAAAAA/AMZuucmyHiLYMQclAzuTKT0mv1zs9JVcYw/photo.jpg,"I like this app, because it fits well in my daily routines and offers very many settings, especially regarding appearance. It has some basic design flaws and misses some easy opportunities, but all in all it is a valuable application for my personal time management.",4,2,2.37.9,2020-03-22 14:28:34,,,most_relevant,com.appgenix.bizcal
gp:AOqpTOEy9Ykhegsj5M9LHKTE946jR-lC-9_F6BLOpxJyYupCNmijegwiAwwnaUG0MDehsu8LBPf4Trr-HUDN,Jarek Bartoszek,https://lh3.googleusercontent.com/a-/AOh14Ggyrv8v83yrKEJqUYOhsfwSM8I8E8kYI8Ou_AT-,"I am a vanilla habitician, but that game failed to serve it's purpose several times and I eventually quit. I linked it to several systemic errors. I was even thinking about creating my own habit rpg free of those but then I found Do It Now. Not only it answers all of my concerns it even adds more features, like drawbacks for completing certain tasks (anti-procrastinator) or putting player in position where he has to maintain his characteristics. Amazing, thank you devs. Please port it to web.",5,14,2.23.0,2020-03-14 12:20:16,"Thanks for such great and encouraging review!
There's only 1 dev behind the project and I do have plans on porting it to different platforms. I'll start with iOS and then possibly switch to web version. But please consider that it will take a lot of time.",2020-03-18 16:38:55,most_relevant,com.levor.liferpgtasks
gp:AOqpTOEJPMfbSZIVxeKJkrVkOVvxZ2CiH5H8GNnwIgkzuoSltdgtYdZgEcAf-0v9I7w-UsH1O_aKgFiHRcnIuA,Upakul Talukdar,https://lh3.googleusercontent.com/a-/AOh14GiSde8K_S0TpG883cXISAYvgRJL96q-Iw5LAQB90kI,The best app for people with or without ADHD,5,0,2.6.2,2020-06-01 05:40:12,,,newest,com.habitrpg.android.habitica
gp:AOqpTOHigl_24rNtAH100KKBnXjWFxd8CBCMGIJxnkHqZ1jZxLR_dgwa6DnykVvIH0ixusOFDGKyYJJAOuS5v_c,Amanda Ollenburger,https://lh3.googleusercontent.com/a-/AOh14Gid0fv_iLWB_HEqmuqqXi_4a7bpRe22yUCwbO9YqQ,Great tool for coordinating between family members! I love being able to share lists so everyone is on the same page.,5,0,2.23.163,2020-08-03 22:26:21,,,most_relevant,com.microsoft.todos
gp:AOqpTOErO0hXXdFhqL05vJjFt_TSM64C7jixjA1XWj1GvWknNmPm1T5g5NRQVellEh1EnQT2stX0PavYWrpy,zanin fayik,https://lh3.googleusercontent.com/a-/AOh14GgqSZu-9rK19fimZFCVk5nabv6JuMdumKk-ZY9e,"Add ""negative habits"" which when done decrease coin, xp etc.",4,1,2.23.0,2020-03-14 15:38:25,"Thanks for the review.
I'm not planning to add negative habits (I mean generation), but you can make any task negative. To do it just set more decreasing skills, just make sure that sum of all related skills impacts is less than 0. If so - task will be considered negative and you will lose XP and gold when task is performed and gain it when failed.",2020-03-18 16:42:03,most_relevant,com.levor.liferpgtasks
gp:AOqpTOFNn0stvSQz_8qFt11Owfr_NNBUEdBH5LmF1gZbsN2gGefm9BLb-nWkn4AmjCUvk6C8b48L7PqEW0xlXw,Laine Layton,https://lh3.googleusercontent.com/a-/AOh14GhhBsVexVg82tFI7TZ8qhnTF0ztVEI10RKk8Glxsw,"Seems good for people who use a calendar already, but I hate Google calenders and Outlook alike. I couldn't figure out how to create my schedule without using one of those terrible calendars so I uninstalled.",4,0,,2020-05-31 17:45:46,,,most_relevant,prox.lab.calclock
gp:AOqpTOE4H2IDZ4NlAUID2KCYyFCtBkRZRirBbqt4b6x6Yw5cqKMsw0THHKThZ15BQh3zIWU8YfGWqCgUYGKlzA,Paul Z,https://lh3.googleusercontent.com/a-/AOh14Gh9g-jYEbn6tFM41gysRNNjcwTlaQMdQ_nfbptP,"Almost perfect. The only changes that would be helpful is a quicker way to switch from the week view to the task list. And i would like to see my tasks as a list by default instead of clicking on the task categories. Also I wish that you had a rollover option for tasks, I have yet to find an app that had this: basically I wish when I create a task I could choose if the task carries forward to the next day if not completed or not.",4,13,4.3.7,2017-07-17 18:31:20,,,newest,com.appxy.planner
gp:AOqpTOHIQY6OOXsXWjwK6vI8N2MvQZvEUkC7F86PrE3fKMCdDaIReASiyIhlVjTu8Rko6fwjh72UyIg5ZwhZT38,Chingichangalive,https://lh3.googleusercontent.com/a-/AOh14GgrEGmHd2vab_cYhvbq4ldvdlPDZG-62kW_g6z8Xg,The widget is quite imlressive,4,0,5.7.1,2020-06-23 07:00:05,,,newest,com.ticktick.task
gp:AOqpTOGDO_tms0aHEtok4Zyi53tyWCE6ZC_GQE4gSHBxPAkqeksdVXcXBug09956LuBdTq3b7ng1kLdrhEb7xQ,Robert Winebrinner,https://lh3.googleusercontent.com/a-/AOh14GigMM4ExuKt21kE8TGk1bkgzawHoglz5xDvCu--8XE,"This was a solid replacement for wunderlist, but it isn't simply a to do list. It's more of productive tasks",4,0,15.7.3,2020-07-08 01:59:58,,,most_relevant,com.todoist
gp:AOqpTOE2SOIGHQUIxMwlXg4-a5phshhOCvqu1IUbvgRU4FSYVB2rid4Rc56ZEfHkr2XbtRFTu7NsOsQXafMC7Vg,Peter Sanbrook,https://lh3.googleusercontent.com/a-/AOh14GgeLEvyLUlIJyIBKsSy2IDxVrMQ10lM3iK8t7Rl_Qs,"Needs some more functionality and integration with PC, but good.",4,0,2.21.162,2020-07-26 03:36:17,,,newest,com.microsoft.todos
gp:AOqpTOE0plGHBxkORP_n54e3zO7kd5Rm0lwr4e6Lsmex1FvhX4SZsjmqNFYdmnEKI6KyDClK-BvfgbnQb72B8g,Jatin Jesani,https://lh3.googleusercontent.com/-i8QoHRfTYwQ/AAAAAAAAAAI/AAAAAAAAAAA/AMZuuclKyf2Nsn5kXP7Wc3SkTE27eCjv8A/photo.jpg,This app is too good,5,0,5.2.0.23,2020-08-04 17:39:03,,,newest,com.anydo
gp:AOqpTOGV4mMKdiAILwJIRbfXsqTc9cJoeQNJ9uwX-zY_FzwQMRpEliH-unGKUaY1WPOeoXm5XpfBJOt1dWKtWm4,Ravi Rao,https://lh3.googleusercontent.com/a-/AOh14Gi1td6AYbtJasRoKa_IUiB_plrIvp0b6_Yrw4jc9g,"4 years later, still my go to calendar app.",5,0,2.40.3,2020-08-06 15:53:50,,,newest,com.appgenix.bizcal
gp:AOqpTOEbcGeoFytW7t__sI7jrrFUW5hBQoGKJt9A0vbwsAAktxPWMtLlKvfNO80S9j7cYqY2DoFLDClm311-IA,reuby benson,https://lh3.googleusercontent.com/a-/AOh14GirXkAiWi1f8KtwhhXiQWahDWy2mPWC5BuUFCAmdA,This is a great planner app. Only thing missing is the ability to rotate into portrait or even rotate 180 degrees.,4,1,4.0.1,2017-04-19 18:42:34,,,most_relevant,com.appxy.planner
gp:AOqpTOEJOBz_AZu5b5FrDosHmsKrQNZHBguJoiTb5s5XdhAOC2AS4ITJHk7cVMqdQE6QYY_RQfTyeLgSGIJPl5o,Mishal Ch,https://lh3.googleusercontent.com/-CUu-82sY-AE/AAAAAAAAAAI/AAAAAAAAAAA/AMZuucmtm97W3ybQGHrY4FWe0Hj3GflU_w/photo.jpg,Awesome app!! The only feature I wanna see in the future is setting durations for task.,5,0,1.3.4,2020-06-24 04:02:25,,,most_relevant,com.habitnow
gp:AOqpTOH27kP3eVo8RzAh-lbi3S-yUETfzHQ5nPae08xDAtCVeWXbE4FEq8tMiM2FsKOTv5y-RUrnBHKc2yUg_JI,Luc Lafresniere,https://lh3.googleusercontent.com/a-/AOh14GiklPerWaCS3nfkn7TuAabteboN62pjyZhqy2XLig,Love it,4,0,2.39.0,2020-06-02 22:37:50,,,newest,com.appgenix.bizcal
gp:AOqpTOH0XChS5mObnnjndOPd6KAlJ1c73M6WIF8gX5GGdBZaSZrLuClIWJyW1VLG_hixHAb8qBNkfuZ25xcP1A,Ch Nagaraju,https://lh3.googleusercontent.com/a-/AOh14Gj_2kRiWBy0LhXitcSI47O33a4is8JixNmKi6uxKQ,Very good app for manage the things. Easy to use.,4,3,5.1.2.2,2020-06-14 03:47:40,How do you think we can make this a 5 stars review? We'll be happy to receive any feedback!,2020-06-15 06:50:45,newest,com.anydo
gp:AOqpTOHdL8j5jkn1mFwZh0bVybpzV6xFmOV_NfXW8iOdVyHadBmDPQNN62FJvJhy8JxyYDRSLywtDB85IKqpmw,Timothy Barnes,https://lh3.googleusercontent.com/-oOBRN6yO2cc/AAAAAAAAAAI/AAAAAAAAAAA/AMZuucmLfMSZa1KBX2rnIfJTFNymKf2qyg/photo.jpg,"Great app, very pleased so far",5,0,15.8.3,2020-08-04 00:12:16,,,newest,com.todoist
gp:AOqpTOGzDhbmE9ucB6-YLLy6WmgxKB8nFwdt9kC8pqzo08px3yYsQ162BkfxHnc6hY9JcSb5VpipflXal0KQZA,LEGEND Askari,https://lh3.googleusercontent.com/a-/AOh14GgWsPpdSO8NobPFae5fmtMAvsfC2ct92pcr3rID,Please subscribe the channel,5,0,5.2.0.23,2020-07-28 01:42:54,,,newest,com.anydo
gp:AOqpTOEzjA2dl7zs178XVm5R9XJoBsbrgsJy2IFcUGJETL7NaLs0HYTbQOA_u6Y9bieveHS0ObAjwOPw5WLERA,Himashree Barman,https://lh3.googleusercontent.com/-RSGsYUlkDbg/AAAAAAAAAAI/AAAAAAAAAAA/AMZuuclHxcdbx8X7EvFn6USWyxRIFn6Gjw/photo.jpg,Great app,4,0,4.20.0,2020-07-26 17:13:50,,,newest,cc.forestapp
gp:AOqpTOGwKsGqqsF-zUyLF3nI1U61Lhs3QX3f9U923jc26Stuv9YkhPwrQcfc--fK3P3QRC1EzM-Ymqiat5Whtg,Jan Vorster,https://lh3.googleusercontent.com/a-/AOh14Ggqy1IaggVdiCcqB3uigfT5CkpaXLei8UH7975JzQ,Good,5,0,2.10,2020-07-19 16:41:08,,,newest,com.gmail.jmartindev.timetune
gp:AOqpTOFuKEJL7JtEg__HgV8cSr_4z3Kv5NH6Uma3AWx_NTH9f8HanfQnRw8qdlrRXUkPkyvOQsplUd2MQl0Q8Lk,Chandra Lama,https://lh3.googleusercontent.com/a-/AOh14Gih-XGOBUKMO9UmzCuQ8ij7wwrazjN5H1FtL-V5eZY,Exactly what I was looking for. This app really helps me keep track of my habits and it super user friendly. Love it!,5,0,1.3.4,2020-07-18 15:31:49,,,most_relevant,com.habitnow
gp:AOqpTOGRtxXoB0m6Inp3xoMfW86tGsp7rpHZkE3GNnUFHMyFE_b9ZAv29YncjVVufcmWlm8LQAqI_Ew0w9X9-w,A Google user,https://lh3.googleusercontent.com/EGemoI2NTXmTsBVtJqk8jxF9rh8ApRWfsIMQSt2uE4OcpQqbFu7f7NbTK05lx80nuSijCz7sc3a277R67g,Great user interface. Easy to use. Syncing with Google calendar is a huge advantage. From To-do lists to events you can schedule anything.,4,0,4.3.7,2018-03-04 17:40:07,,,most_relevant,com.appxy.planner
gp:AOqpTOHMoGXRu8musrNnnT3GYX-yISe9yHn7ls2_FVpItDoqIxzBkt28lJ09M5pPZFXsqRuJlTtiArUNrBL8jQ,Sarah Raulerson,https://lh3.googleusercontent.com/-lbMCVHYQMCE/AAAAAAAAAAI/AAAAAAAAAAA/AMZuucm-bZaScgEfWv7TQnwfV_qSP3IMTQ/photo.jpg,"I love this game. It has helped me do much It's a bit of a learning curve. It would be nice if challenges were visible from the app in all of the guilds, and I would also like to see the last day and time that a habit was marked, because the colors don't always change and if you have a lot of habits it gets confusing. Otherwise, this app is brilliantly done and will be getting my monetary support in whatever way I can afford.",4,6,2.4.4,2020-03-03 21:20:52,"Hi Sarah, thank you so much for this thoughtful review and your kind words! We'll keep your feedback in mind as we continue to work to improve Habitica. You can send the mobile team feedback directly by going to Menu - About - Send Feedback.",2020-03-13 18:37:37,newest,com.habitrpg.android.habitica
gp:AOqpTOHfFl7K11TwqeCW_YAxuOWvAVU7rLcW_PcdHQRSceoZdO1j23mMl7SiLjDHP4uslfzEet4wdXs0KbOQqA,Eileen Selby,https://lh3.googleusercontent.com/a-/AOh14GigZKEjNjkl_LGm4YEtiWXfHnxZ5DXZWbe6-dMv,"Great app! I use TimeTune to time block my entire day into short segments. A few fixes: [ when scheduling a day in advance, the time auto-sets to 24 hours (ending next day). If I scheduled breakfast from 8:00 AM to 8:30 AM, it automatically sets to 830 AM the next day. Very tedious to change.] [difficult to see overlapping tasks] [no easy way to push an entire schedule back, if you are late on one item, and need to push everything by 10 min for example. You have to change each manually.]",4,3,2.10,2020-06-22 17:44:00,"Hi! Thank you very much for your feedback, Eileen 👍 We'll be adding improvements progressively 🙂 Cheers!",2020-06-22 21:28:29,newest,com.gmail.jmartindev.timetune
gp:AOqpTOGvqy28IBWo46w_8RDW4jGYhLR9xCDWzJpbnOpsTGA2OoyxOWGGR3yfUzwMH-_50gw8p9kMfpWesfUaLA,Angeli Mendoza,https://lh3.googleusercontent.com/-BVpoC9O1nrQ/AAAAAAAAAAI/AAAAAAAAAAA/AMZuuclKIUcdxtXrHhn6xr-SHTxR0qo8iQ/photo.jpg,"The sub tasks are really a great help in organizing thoughts and tasks. I also love the Projects section! It gives me the freedom to just dump all the stuff in my head, allowing me to have a space for other stuff to think about. My mindspace is feeling a lot freer than ever before, the simple reminder apps just don't work for me. I like the Karma feature too!",5,7,15.6.1,2020-05-22 09:56:23,,,most_relevant,com.todoist
gp:AOqpTOGdUQiml8WlxeZwpS-GxxHBe2NSQ7ev8Bl0LwDCnaEbiNJ35e0irXE6gn4zll8P_LTunkfWiCbLDF325Q,Lavesh Kaushik,https://lh3.googleusercontent.com/a-/AOh14GgLf_hsQwCoqgzlO9ukVzOxNNa82R0JCWb2plAuzA,"The best thing about the app is it crosses the tasks with a straight line, along with the time at which they get completed. This gives a unique satisfaction.",5,0,2.5.0,2020-07-14 13:48:56,"Hi Lavesh, really glad you're finding my little app useful. Happy organising 😁Steve",2020-07-15 08:40:29,most_relevant,com.tasks.android
gp:AOqpTOH1QFHVKvtsNaHpFcRbo0X_gDOdqKajIqlGykQ1au0sSQfB4stfKrtZrbtBFIu6oeR1T70Yc2QN6SbuU2I,Jared Horton,https://lh3.googleusercontent.com/-2KNvPoPmTD0/AAAAAAAAAAI/AAAAAAAAAAA/AMZuucn2PcHq3-VUHGRgRn-S7gK8YuETag/photo.jpg,I've never rated something on Google Play so for this app to get me to give an amazing rating is saying something. This is my favorite routine planning app because it allows you to set habits and routines in an intuitive way. It allows you to view the progress you're making with habits. And it gives you the most functionality without having to pay anything. Other apps give little functionality before you have to pay.,5,17,1.3.4,2020-07-24 20:20:06,,,most_relevant,com.habitnow
gp:AOqpTOES87A72YSdJv7cSxs97JGiKl3d2EmP0pjYKKwUmPweIhzSWkqJzBEilTfmV0nuS4y6sn8LTMqI9Zm5Fg,Tronic Ngotezi,https://lh3.googleusercontent.com/a-/AOh14GjKg3p5sntNHkBsY8mQfLehaRdEwenC5WvrrFdqUg,Perfect,5,0,,2020-07-26 18:27:35,,,newest,com.anydo
gp:AOqpTOHNjXg98Hc_PkLpfeCv7-S3JgAdEqy6t4zz3yfEUtffnVerHVufR_MqrenFWXeNGrhVFN2PKRQOhVArFSQ,Rachel Chaney,https://lh3.googleusercontent.com/-uBI5PTrxWRw/AAAAAAAAAAI/AAAAAAAAAAA/AMZuucnPPDeBHXZGdlJvYtD2aMFMxbtbZg/photo.jpg,This calendar is perfect for all my business and personal appointments.,5,0,2.39.0,2020-08-06 14:42:37,,,newest,com.appgenix.bizcal
gp:AOqpTOFUlEtMU_oIDugypYtpxVRWc-cyHDmb0tqR8jmIsiw6P2Ag72wHhPZkHOObcA7IYzUuAgvzuoy_E1r4bKg,just reads,https://lh3.googleusercontent.com/-MIjNScFWMDM/AAAAAAAAAAI/AAAAAAAAAAA/AMZuucmo3YM8K21Cq80-KfpTEwHHs9vfmw/photo.jpg,"A clean and simple app that I've used for a long time now. It's really been helpful for scheduling various errands, tasks and events in my calendar. Its simplicity makes it really easy to use in daily life. Highly recommended.",5,0,5.7.2,2020-08-04 03:49:03,,,most_relevant,com.ticktick.task
gp:AOqpTOHkeumBsFm9a0Ul75JGmQFEGhXRlZb524gZgyE7y9jzEDDGYhpF7y57bKz_2O_flb6AyjVNgQf-Tz-Z,Colton Unknown,https://lh3.googleusercontent.com/a-/AOh14Gi1Dhl3syQApMMsYfknp-Ncjs-iabBjr0XjACD1vQ,"Haven't used it much but so far I enjoy the idea. I would like to suggest adding a notification every so often option. For example, I'm wanting to do 12 pushups every hour, every day, 10 hours a day.",4,0,2.23.0,2020-04-13 01:41:08,"Thanks for the feedback.
That's great suggestion, but I'm not sure that it will be added to the app in near future since it's huge effort from development perspective.",2020-04-13 07:14:49,most_relevant,com.levor.liferpgtasks
gp:AOqpTOHGoftQJl-I9j3H-DkgC3wW0EF4jXRV-cM3kJK1xa-FdewWxroL10YbmVFTTY0DlUiQ3WEyPreiezagj6c,Shawna Daigle,https://lh3.googleusercontent.com/a-/AOh14Gi5xcpn6B7F8DtwITsNsvNfNFDiT0N30DvMsS82xw,Love this app!!! It's so easy to use. It helps me be organized with the option of having multiple lists. Plus....it's colorful!!,5,1,1.2.13,2020-01-24 16:20:27,,,most_relevant,com.artfulagenda.app
gp:AOqpTOH7jncgx73GiYyWcVRTPIKrYoPl5fmxV_30RskjYZo0Wg0HcKxYUs4oKYc6ofXIokvzM2vuxE8oJ6I1,TammoHDx,https://lh3.googleusercontent.com/a-/AOh14Giwdj4bj8UUmro2GvgTtliOPGGTTJDGJYFkJ7uh,Great App! I paid for the pro version. I like the customice options to create character traits and unique skills. Pls upload a yoga and a meditation icon :),5,0,2.24.0,2020-05-22 22:01:41,"Thanks for the great feedback and especially for your support.
Hm, I've added meditation icon some time ago. Let me check :)",2020-05-26 09:34:47,most_relevant,com.levor.liferpgtasks
gp:AOqpTOGVR3I1z9kozWGkUs49nAG9pg6jcAkafF2ko2vhTOYK2kRSshK72H2jWqwPJCtxeHOh17U5x1UBM1p_ZcE,Mark Threlfall,https://lh3.googleusercontent.com/a-/AOh14GhWHms1d5O5pela_ARP8Eldk5PQ5rK9xSAyqLsrdw,"Extremely useful, easy to use and integrates well with everything else I use.",5,0,2.40.3,2020-07-31 19:00:22,,,newest,com.appgenix.bizcal
gp:AOqpTOES1UH4FprVEHv-81BOqpEXGgdjJFJn4S6Y07bR3OC3ioNroykM70wRFnydfE_XiuZJ6fY9wXcujrDrbVQ,Abhi Ghosh,https://lh3.googleusercontent.com/a-/AOh14GhOxOcrNjFxT6BbRg6KZNszNA60w9cMXQOsWSD_Bw,"3. An option to arrange the tags alphabetically would be really helpful. An ""auto arrange"" would also work. Also, a password/pin lock with a Fingerprint locking facility. Thanks! 2. Love the new colors! Thanks for including them guys. 1. After a lot of contemplation, I decided to buy this app. On the whole, it's a great app. Tasks, calenders, tags, folders. Pretty much, all that one could ask for. I've used GTasks since ages. Just needed more options in an app and this fits the bill perfectly.",5,10,5.7.0,2020-06-15 23:00:35,,,most_relevant,com.ticktick.task
gp:AOqpTOFbWYKuIPMr_gnbnG6NsaEFz4Dmuhy3P40KIqSHE594wyET7aCeDtcP5nhaF6cCfHJtY4_VAr05BJIkePs,Risas Lopez,https://lh3.googleusercontent.com/-tK84kFFurNQ/AAAAAAAAAAI/AAAAAAAAAAA/AMZuuckd3K5kDJQWSlfiHAaBRkEjdeSfpA/photo.jpg,This has been a great app to build habits. I would give it a 5 star but your limited to only 5 habits at a time. You can get more but theres a pay wall,4,1,1.5.11,2020-06-06 00:41:50,,,most_relevant,com.oristats.habitbull
gp:AOqpTOFUlEtMU_oIDugypYtpxVRWc-cyHDmb0tqR8jmIsiw6P2Ag72wHhPZkHOObcA7IYzUuAgvzuoy_E1r4bKg,just reads,https://lh3.googleusercontent.com/-MIjNScFWMDM/AAAAAAAAAAI/AAAAAAAAAAA/AMZuucmo3YM8K21Cq80-KfpTEwHHs9vfmw/photo.jpg,"A clean and simple app that I've used for a long time now. It's really been helpful for scheduling various errands, tasks and events in my calendar. Its simplicity makes it really easy to use in daily life. Highly recommended.",5,0,5.7.2,2020-08-04 03:49:03,,,newest,com.ticktick.task
gp:AOqpTOGwu03YNRhPC805rSy3EEZc-gDomvBVIamt9i5u4rkDSRqpGLCxs3hwrd628M3BlQMbpoxJBNFjOuPVGRU,hayath kalander,https://lh3.googleusercontent.com/-PpU01lR3puI/AAAAAAAAAAI/AAAAAAAAGTg/AMZuucn66Lkb_vuI5lMH30oeNO3h5F-9UA/photo.jpg,Wow this is what i was exactly looking for. Bought premium on the first day. Add many more features in the coming updates,5,0,1.3.4,2020-07-02 01:49:30,Thank you for your review Hayath. We are working on many improvements!,2020-07-02 03:01:56,newest,com.habitnow
gp:AOqpTOH1e-yL-JCcxnJqiw4a3u86luOh_u1Ok7sHUqAgWs19UXRvOcew8f7epqDhlfmI8vSnOeiuP2ss_eG_13g,Emma Griffiths,https://lh3.googleusercontent.com/a-/AOh14GhLWwlDEKxZbafbAvblzUt54QVYdYrHMjGnF_a9wA,"The best Todo list app I have come across!! I was able to move over my previous lists from wunderlist which made it so easy to set up and the ability to add subtasks and really easily move around and organise tasks is so helpful. The widgets are also really clean and customisable, no complaints!!",5,0,5.7.0,2020-06-18 23:04:37,,,most_relevant,com.ticktick.task
gp:AOqpTOEu3bkSL9cLLdgMDKEhwDq06_TG4TQmP1_m6RscxilVi61uFJhxeiKCv5wzTxm_XGUslhe2n4smsa95joM,Nad Senjo,https://lh3.googleusercontent.com/--QaF-fe_ezs/AAAAAAAAAAI/AAAAAAAAAAA/AMZuucnczxW1vkvDxnlyOwhnambhInmbsg/photo.jpg,"I use this many times daily, and have for YEARS. Very intuitive and easy to change views. I like the slider bar and the ability to quickly show or hide favorite calendars. Moving appointments is a breeze. I have both Google calendars and an outlook one - this app handles both beautifully. Cannot say enough good about it!!!!",5,1,2.28.0,2020-08-01 15:40:40,,,newest,com.appgenix.bizcal
gp:AOqpTOFGIggdgSbBy0XFStTeuTrhqAF16iw0dGRsB3Sm22hyUwdNB-thWndDJLyPG-daU5MEgFWvVxlSV_qxuQ,Brianna Jed,https://lh3.googleusercontent.com/a-/AOh14GgKLf8fma8AoVS8oUesXF0fMLcj6SbCm8smeAT_5g,"Very Good app, if you're interested in a easy and very functional solution to plan out days ( like I do, or just for any type of task list. This is my #1 go to",5,0,15.8.3,2020-08-04 22:44:21,,,newest,com.todoist
gp:AOqpTOHv33PTNd_2SKMgBWRgtkA_7QF1KNFvIJN9ZxYgN7qbPlFsJ34NB8m6PelcSr0r5mJxt9uZh8oUBSey,James Cody,https://lh3.googleusercontent.com/a-/AOh14Gh5LyKbt6VnPFRjBwWP3D1Dt1j0vok6DvfiKoNb8g,"Love it, incredibly useful and I feel like a superhero growing in a gamification style system that tracks my lifestyle and productivity... Great product",5,0,2.24.0,2020-04-22 01:14:53,Thank you so much for your review!,2020-04-22 10:32:27,most_relevant,com.levor.liferpgtasks
gp:AOqpTOE34uLlIeDgV6BJFgpiYQ_jVs1u2sKGYYPL36i0XJi0yylbD7cp4iaPiw03QLkkTJBxA8HHJilmax2a0yM,Asad Mahdi,https://lh3.googleusercontent.com/a-/AOh14Gg3cgkmIzBL_gryRe-iV9ZAqfORz7xRv6IhJ55FAA,5 stars for sync back to base.,5,1,1.5.11,2020-07-11 21:17:48,,,newest,com.oristats.habitbull
gp:AOqpTOHGVWGwRp2ZgHLK2QQur2_26fIQ0WTWOBLvAG6jsaCokSHJUpA9WZBjr34-BZDdSk4Nk7gw7FOw0hKPEQ,Yara Karim,https://lh3.googleusercontent.com/a-/AOh14GhEUkl4yqaRNIak9CGIPHoxzO-mQerAOeBKYoka,Very useful,5,0,,2020-07-28 22:11:18,,,newest,com.appxy.planner
gp:AOqpTOH8LCm9FBJVMdIj8IjWYl0-m-Ho3yZVG1KR3jpvkHLj2m_PMpK5a9qRbzwbf_tUIWf70O7M7y0dz4qhSDU,Brielle Worrall,https://lh3.googleusercontent.com/a-/AOh14GgBRvKgBrIMOAI2wB13VmtpfAfGci6SgopScaPu_g,"Great app, keeps me on track and efficient. Helps me stick to my New Year's goals. Just wish we could add more habits.",4,0,1.2.3,2020-01-07 21:34:14,,,newest,com.habitnow
gp:AOqpTOEPGvjuFc05WTzdDkQwFyD1b2qnlWbuPRt5YRE0wekJh_-ftXzQASjXk73GxC3veiG7_XLOulpwVTnROg,Amuse Art,https://lh3.googleusercontent.com/a-/AOh14Ggyf_c0OWr4basl4Vg6_67e28K5qtgwvH1veDWgnQ,Can you add more trees like wisteria or maple trees which look more real in next update. Please. It's very good tracker and my study hours has also been increased.,4,0,,2020-07-22 21:08:36,,,newest,cc.forestapp
gp:AOqpTOEFcNiMHBDEeeNuxv60Fo_8NaejVpLVpn6FtqYm-4AphiOp-VCsHLxRrf4ie9HlUAMjVIDJvHgOiFG-K9s,A Google user,https://lh3.googleusercontent.com/EGemoI2NTXmTsBVtJqk8jxF9rh8ApRWfsIMQSt2uE4OcpQqbFu7f7NbTK05lx80nuSijCz7sc3a277R67g,Granted I'm only doing basic schedule management. Way better than the stock calendar I was using!,5,0,2.40.3,2020-07-31 14:34:47,,,newest,com.appgenix.bizcal
gp:AOqpTOEyGnZofS9Iq08gSlnAOJOBsg-YfYgvlnlrVQPvyhM6zcDVVrwhq7kKHEvAa6BK4gPrzaNJAFVdLquFcg,Aditya Kunwar,https://lh3.googleusercontent.com/-EoVlU53w_Sk/AAAAAAAAAAI/AAAAAAAAAaM/AMZuuckBHf8DTsNNt7h505G0EsoWSjifSg/photo.jpg,Great for focusing,5,0,4.20.0,2020-08-04 19:58:22,,,newest,cc.forestapp
gp:AOqpTOGPxLG6WJA8aGZq3WnInaE8cH4NpnSJG2KLTIS9ylW-3N23_u3EekXX_rYVMe0DGn4PigPMWihBUykCqlQ,Rishabh Make it,https://lh3.googleusercontent.com/a-/AOh14Gi1vEBwLvH2IA0tmvxzogouqpfCvZ1MWGSIpQQ4,Good experience better than before,4,0,2.23.163,2020-08-06 05:31:52,,,newest,com.microsoft.todos
gp:AOqpTOG5HCwbbk1BpOYoud0ubSD_fTjjZNw0uSEnYUz26BCq7frngQbMRREJzh8mx6TidgQ6tIkUOKLwgFYm,Johannas Gutenberg,https://lh3.googleusercontent.com/a-/AOh14Gibsh1uIbwcYrPiNiOrDbrlHn1aIEC6L098DD_Y4ec,"Personally, taking the time to translate my every task into RPG format is tedious. Pretty time consuming in terms of customization. It's more like an RPG Maker, but to-do style. It's not what I'm looking for but given the developers perspective it's excellent for what it's worth. Flexible, extremely customizable and full of possibilities. Suggestion: allowing to download other users formats they've already taken the time to create.",4,0,,2020-05-08 10:12:31,"Thanks for the feedback. You're right, it's a bit hard to set everything up gor the first time. But when it's done day-to-day maintenance is not that big deal. Unfortunately setup difficulty is the price that app paid for high flexibility.
Thanks for the suggestion, it's tough task from development perspective and I'm not sure if I ever get to it.",2020-05-08 14:45:11,most_relevant,com.levor.liferpgtasks
gp:AOqpTOEUQz4V8f9AoTtBHeFuk9c7mOAhN7NT3G7-PLOoGyaaKpzEcv2r6Tkb_yTNNn1h8C60yK3-i_dPE8KBbQ,A Google user,https://lh3.googleusercontent.com/EGemoI2NTXmTsBVtJqk8jxF9rh8ApRWfsIMQSt2uE4OcpQqbFu7f7NbTK05lx80nuSijCz7sc3a277R67g,"I Like the clear & unclutter look, everything is organized..wished i could export it without having to pay extra.",5,0,4.5.3,2018-11-13 15:57:00,,,most_relevant,com.appxy.planner
gp:AOqpTOECspQBh0kSHF3QpdWMyJT_GoXNBIR8DHBrCClcxhr2JoWWWH3_kNdv8m6jydTRRElzv93kyfwenU4PxRg,Sarah Jane Kramer,https://lh3.googleusercontent.com/a-/AOh14GibS4n9mocRavf03ALaYKHMqHMqZA8wa4fEvLdSMA,It's a beautiful digital calendar that u can customize with a cover and stickers and fonts - so much prettier than the standard calendar that comes on your phone!,5,2,1.2.13,2020-01-23 22:37:03,,,most_relevant,com.artfulagenda.app
gp:AOqpTOE312O-35mCsGEJ9ug9bxFMLucbHFlUBzP8wl7HuSnBp1sv_hg2hHPghE1SsNFQ9NN1DQBiflEKJVrYIaQ,Ana Ciconelle,https://lh3.googleusercontent.com/a-/AOh14GgvO5bSIZ_H-73bcCAIFKoLSEwvLrY2fVTxrK_r7Q,"Very good. Simple and easy to use. I would like to see more statistics, because for now I can only see the statistics for only one habit at a time, but not a overall statistics.",4,0,1.2.3,2020-05-26 18:18:59,,,most_relevant,com.habitnow
gp:AOqpTOGuVBDhkWtF4S4VhZfsGwMyZqrroCVPuBq-5bl1xI7ZUJPO_zheFeQscJhkrRcPTxPCuFIQGKRQ5UPHmw,Abo Jihad,https://lh3.googleusercontent.com/a-/AOh14GjRi_acZ5SoBviEyhQ_mVYrGpONUZhpjwCpsIMW,Cool,4,0,4.20.0,2020-08-02 09:54:32,,,newest,cc.forestapp
gp:AOqpTOGL6lqPlcouZ5JDCths9mLMz-MEzT0FTohqA5NEAmvqsy-fwFB4oqvf7fC0-OMHJCxfM9mq9Yrhg26rJw,Ayush Saxena,https://lh3.googleusercontent.com/a-/AOh14Gg6MfoISqFM30D-lU6JzCJa0crkO_uMptWrZmp5dQ,"Such an awesome app♥️....one thing I would like to suggest is, please add some features like checklist and all, so it can show how much discipline I was as performance on graph.",5,0,2.10,2020-05-30 00:43:16,Hi! Thanks for your suggestion 👍 The app is still growing but we'll be adding improvements progressively 🙂,2020-05-30 08:05:29,most_relevant,com.gmail.jmartindev.timetune
gp:AOqpTOGQFb3-ayFu4bEhcukWotpb_HtpJrTN_athBrolTfimRcOfCZT3-JHTPOIyO8s-poRg6q_ezSMiEtFzW1I,Keen Alexis,https://lh3.googleusercontent.com/a-/AOh14GgexfFea6L32BuTUegv8ub29dz-PpAQX7vsZ1J9SQ,Easy to see event on gadget.,4,0,2.37.9,2020-06-22 10:03:55,,,most_relevant,com.appgenix.bizcal
gp:AOqpTOEFx3ltng4qYr5Dyb_vG1c0ychxdtdrUR1SRZ5ZSuZ1QBcOhGnrWKWIe7q9cp9HXr37_3ibcSijsKcv,Mitch Reed,https://lh3.googleusercontent.com/a-/AOh14Gj15kiQ81RZFN9qX9WtOMikZ50TP-so8oLZcbJmCA,"New user and I'm impressed! A lot of neat features I've been looking for in apps like this. it's obvious dev is active and listening and thats a great sign. If I have an immediate suggestion, it'd be for us to be able to add tab categories of traits besides the default characteristics/skills; for example to add things like ""personality"", ""lifestyle"" or however we want to organize our skillset categories, so those 2 sections aren't cluttered. A search option for icons too maybe? Keep it up!",4,11,2.15.0,2019-06-12 21:20:57,Thank you for your feedback and suggestions!,2019-06-13 11:03:32,most_relevant,com.levor.liferpgtasks
gp:AOqpTOEmhC2RtdF7SILxHAAl3ckJX0KBSlq9H1xT9lR4HjEOr-3MoQx0Iavsr1S54u9DfzixAiq4i2Pvz_e67w,Rob Locher,https://lh3.googleusercontent.com/-NSet3a31cX4/AAAAAAAAAAI/AAAAAAAAAAA/AMZuucknoUkEzF5mV7go0U9O-EczhoG1tQ/photo.jpg,"Very easy to use with a simple interface and plenty of features. The web version syncs with the app, and is just as easy to use. I'm more productive already.",5,1,15.8.2,2020-07-24 23:31:40,,,most_relevant,com.todoist
gp:AOqpTOHdV07TP39xN-rthxGb8lZaGANZ_AoIzPGZAcSS_BWGx_UvfXrgUR2SeW2H8qztLnvDChmnFt9RpFfCYA,Morning Sunshine,https://lh3.googleusercontent.com/a-/AOh14GgBeSRhDdoowXXCszSZIn__oHkOcmsa4fwBuwIJXQ,Love love love this app... but you guys can add some more features to make it a bit more easier to use..,4,0,5.15,2020-06-15 17:01:20,,,most_relevant,prox.lab.calclock
gp:AOqpTOFhdLzocw0YMHvc-vXnNieO7aNdU63ymEETtzrkOV1q_qQShY4g8TUGJIFlGyUlZ5x2hbWdmeoSdu9sWg,Pauline Martinez,https://lh3.googleusercontent.com/a-/AOh14GiVMmCO9ZQa-M3QvX16Csib3F9KphOiYGLN58J9HQ,Great reminder😊,5,0,15.8.2,2020-07-25 20:52:26,,,newest,com.todoist
gp:AOqpTOHvKJ9K5xmIdspLVImcJPHch8ldPvnZsYnGBFPpUwgOCY8bR3dIE84qNWRlTaGa3qqlRiymBmWyfAHOwJs,tom vance,https://lh3.googleusercontent.com/a-/AOh14Gj9vYmHSCkhnbps91dyPDtV6lS5AQf7JaW4q1V1Fg,Great,4,0,2.40.3,2020-08-02 20:05:51,,,newest,com.appgenix.bizcal
gp:AOqpTOFrvM-r-OwwzIEjfwtGXbpwC6sLURcC7Tb2jIZHvUotDsxYvILTBLOnh6XudYhrzULsfNdIc0PUcuVf,Nelson Castillo,https://lh3.googleusercontent.com/a-/AOh14GjKJQClBO4ZPs0iRztejNh3pFjLqVvewWf_1tg2,"Hi. I love the app. There's a bug that I want to share. I created a daily task (once a day) but it doesn't go away after completing it from ""Today's"" task. What do I do? Thank you",4,5,2.22.0,2020-02-20 09:27:29,"Hello Nelson.
Thanks for the feedback.
Please check if your task repetitions setup is something other than Simple repeats or Do not repeat since in this modes task won't be moved to next repeat date.",2020-02-24 11:06:45,newest,com.levor.liferpgtasks
gp:AOqpTOE3t7wMmsNL6AM-Bnk8dIuGt_AiVtdBYLzDd_ty3LZgeUOL1fsl6W9BE7bCh2GRTuw-nNnGXf_IAtu2JoM,Hugh Dawnay,https://lh3.googleusercontent.com/-aUkpeLOrsOw/AAAAAAAAAAI/AAAAAAAAAAA/AMZuuclnRxK55trgc_GQNd_oBATPBd7TQQ/photo.jpg,Needs a backup system,4,0,2.40.3,2020-08-02 09:17:44,,,newest,com.appgenix.bizcal
gp:AOqpTOHyNhugQXBEF7n0je5fOm1gCSnIPkwXz3VfmEeOjmsHKC-c7WAn9y7ab1JEpwLPA1iN4cxRF0_rw_J-,Damián Meneses,https://lh3.googleusercontent.com/a-/AOh14GjSsS1D3-OJf7mJmPHHhSLfCzdYg5WFEyRkQ3F-Mw,very good,5,0,2.24.0,2020-07-08 13:23:19,Thank you for your support!,2020-07-11 08:14:44,newest,com.levor.liferpgtasks
gp:AOqpTOFsZxLfaGOm3L6RMy5mRRy8Jcm6YUYSZyjft9NpnQsI17dDL74PPQaRcQW2Hyh8D4r-gQZaeqcvaH4_Iq8,Deepak Pansare,https://lh3.googleusercontent.com/-IKkWp1lC4r8/AAAAAAAAAAI/AAAAAAAAAAA/AMZuucmXzap3fxuVaDzhJQseFJ07fa5Ciw/photo.jpg,Good one,5,0,2.40.3,2020-08-02 05:22:21,,,newest,com.appgenix.bizcal
gp:AOqpTOESJpFrjaomDABXjF5uoGgGjiv73tC8FFMWG80vyDhmsDxIivbxrGcgP1gZ7e0a8prl2UFg3DqEvFFqHGs,William Stevenson,https://lh3.googleusercontent.com/a-/AOh14GgFsKV5DppN-qrf9AGvmC5unubDbna7S4tuJ74iJs0,"The best habit tracker app I've seen, would've done 5 stars, but I feel like something's missing, and I can't quite put my finger on it",4,0,1.5.11,2020-07-04 00:50:47,,,most_relevant,com.oristats.habitbull
gp:AOqpTOG9sTEC2vCpEfpkDboPYgs48GpVuIr_72WSTnjLyXvIp0EQKgUP5SbFIey6PZ9Gq4NMU3A4qJuPYOyYnnY,is rae,https://lh3.googleusercontent.com/-Wdvn-7txzmc/AAAAAAAAAAI/AAAAAAAAAAA/AMZuucmzXZzDdzw-pMBL3CtMHQuZxDUXJA/photo.jpg,It's very helpful application I like it. I start remark a good result and it helped me to have a new habit .,5,0,1.5.11,2020-06-13 18:32:54,,,most_relevant,com.oristats.habitbull
gp:AOqpTOHBkgHb1JEDpsU_MEjNEqQA-7p9UJ_KX6umCQytLHd1c8UWXQe9ygaqzQBOBUjfVJ-nv4bF9IK-b6QTg9I,Dan Avramescu,https://lh3.googleusercontent.com/a-/AOh14GgsldsORjVEHBAVU-NVtiwW14zhpezXLaI2B-_R7bo,This app is changing my life and I recommend it to everyone who wants to start building discipline. Love the goal tracking and the tag system helps organize my lists into context/smart lists.,5,0,5.7.0,2020-05-19 22:33:10,,,most_relevant,com.ticktick.task
gp:AOqpTOFUJqJDuo2C-wzF1RLIuH81O4Nv9HOa0exu0esv2A99z_c8SmM4EFOu6yZLq_5IofIPxIx6t4KJIpHnKA,Harrison Angsten,https://lh3.googleusercontent.com/-C4I1TRFm-dg/AAAAAAAAAAI/AAAAAAAAAAA/AMZuucm8ZNbDlQfBPTnvrdAke6gpc7D6Yw/photo.jpg,"With my ADHD, this app is a godsend. I use it for a multitude of tasks and it almost certainly makes me better at following through. Lists are handy but Todoist takes it to the next level. Five stars are definitely earned. For me, it's worth the few dollars/month to go premium, but even without all the additional features this app is a must-have for anyone who is in need of that extra mental shelf-space.",5,9,15.7.3,2020-07-04 05:02:14,,,most_relevant,com.todoist
gp:AOqpTOGVOWu3clogmVI82Qp1yHoobA81lSL0vsxaGqOvPbM6lg9qZVVN3Lkx5FxWsIw4jlUbwVK70vJS1apVfg,Calypso Drums,https://lh3.googleusercontent.com/a-/AOh14Gi1OEwSssfdB0bXN8rXhGRsJ51pUElmj0EtfciBGQ,"Changed my life. The group feature, when you have a family, is a must have. Seeing our avatars morph and change while we level up our life, priceless. This app is worth it, it's one of the best decisions I've made for me and my children. They're excited to do chores, and I no longer procrastinate. I just can't recommend this app enough.",5,1,2.6.2,2020-07-01 16:37:31,,,most_relevant,com.habitrpg.android.habitica
gp:AOqpTOGyQQJ6upsO1xAwnJ8yOK_sGFbarhPYI7rPT2-bIKmBD5v1IPuN_3CH5O28958H2-xYfLjQEo0om-tnoHQ,Lisa Kathan,https://lh3.googleusercontent.com/a-/AOh14GhumirG5wr20nbwPhCRDymv0lvZR6n-t2N4v0tRvw,"I've been using TickTick for probably 4 years, and it's the best to-do list app out there. It's simple and straightforward, and I love that I can have it on all of my devices and computer, and keep one to do list wherever I go. I would love to give it 5 stars, but over the last few months it's been very glitchy with syncing between my various devices.",4,0,,2020-06-22 19:31:38,,,newest,com.ticktick.task
gp:AOqpTOECoTK9ZMhVo9DT8ixUFXPE465jzLI2fczT6iedc3ekwvw_t7k7fV8bQFla9j5R2ZI4nOXt8Ak30r24tA,Puneet Sharma,https://lh3.googleusercontent.com/-qLKh7elvWB8/AAAAAAAAAAI/AAAAAAAAAAA/AMZuuckuAKMpXZyUvdqcxCllj636prytfA/photo.jpg,"Absolutely liked it, ease of use and keeps list sorted.",5,0,15.8.3,2020-08-04 16:29:09,,,most_relevant,com.todoist
gp:AOqpTOET3is4CksUPYKlYjHxDih7htAEoWs-_v3KRox5gbBg3bQjf-mL-ZCPY1tJLdnLy8UPwnOwrZHBBHvtGw,Gaurang Pansare,https://lh3.googleusercontent.com/a-/AOh14GjUR7A98OzDosE_wnmIU-juS9wAG1R5ouuDoeqUGpM,"Amazing app to help you complete focused work without falling into distractions. You plant virtual trees and get coins when they grow up. You can accumulate the coins and exchange them for either new types of virtual trees or to plant ACTUAL ones. So, not only it helps you in being more productive. But also, it lets you contribute to the environment.",5,18,4.17.2,2020-05-31 09:15:23,,,most_relevant,cc.forestapp
gp:AOqpTOE9rT6p1TaDD1VhWX7iCN6LcUvHseE8ztx3c48kMCM3yajTDR0P_PJbTCipIUt_yJPLFNNSwIQ1E6Ijsw,Dean Somers,https://lh3.googleusercontent.com/a-/AOh14GiV3qnPwo7ipcEtBbp70pzus7q5GZx_vzvCUjb3fQ,Awesome app! Looking forward to upgrading to pro version for more functions.,5,0,15.8.3,2020-07-27 17:40:32,,,newest,com.todoist
gp:AOqpTOGx7hmsF65ZFbLCjfdWzFFGuS6Et7CRKNo4-mRGjQYtF6Prh2Zl_XJdDL38mdQIa83a4cMyfvtl0Q7K3Z8,Azwani Dadeh,https://lh3.googleusercontent.com/-OnIkV7ntoeE/AAAAAAAAAAI/AAAAAAAAAAA/AMZuucnk8wRLzzFI8FvgjuNqIrkDW6YBQA/photo.jpg,Almost perfect.. only two things still missing: category (one taks can be appear in multiple list) and scheduled task can be displayed/appear in calendar on the date of completion target.,4,0,2.23.163,2020-08-03 12:52:21,,,most_relevant,com.microsoft.todos
gp:AOqpTOFmpHf7zl0dR4cQqE-58JI5VCEexEV44caK0niGoEFT9wxm3DIUdH70IdPYNieOqknsepGV72c6vvp96w,PK LC,https://lh3.googleusercontent.com/a-/AOh14GhFC8u_1Mk0eHQs5TOysB-qvDw2Jsqm8vnM6f6T,"I really like this app for my phone. My favorite part is the voice notification. It really helps with my kids homeschooling. I set the voice to tell them that its time for school and to sit at the table, then it plays a little song. I love this because now when they hear this they turnoff their morning cartoons, put their dishes in the sink, grab their notebooks then sit at the table. I love that I don't have to keep tell them to get to the table anymore. The only thing I would suggest is having the option to make my schedule on the computer too and be able to link the two devises. Like how google does with their calendar app. Other than that I really like this app.",4,65,2.10,2020-06-13 18:29:55,"Hi, thanks for your suggestions 👍 For the moment, remember that you can already transfer your data to another device manually if you make a backup on Google Drive from the source device (Settings / Backup / Backup database) and then restore the database on the target device (Settings / Backup / Restore database). Thanks! 🙂",2020-06-13 19:48:08,most_relevant,com.gmail.jmartindev.timetune
gp:AOqpTOGEaCpKYS7EQ9jvXR07hFz9mvOGAUlwgSoT8DpEWcql3469rP6IgpdAqDnv2KY8OicZfnhPiHNQFQJTCw,ammara farooq,https://lh3.googleusercontent.com/-9ujGEuLvpyk/AAAAAAAAAAI/AAAAAAAAAAA/AMZuuckEpDRKOpCnnVynDYFt72ieF8g2Nw/photo.jpg,Easy to use. Perfect need to make a to do list,4,0,2.5.0,2020-07-19 19:03:47,"Hi Ammara, really glad you're finding my app useful. Tasks is a hobby project of mine with all features and support offered for free without advertising. It has taken hundred of hours to write, improve and support. It simply relies on donations and my spare time to move forward. What would help make my app a 5 star app for you? Thanks, Steve",2020-07-20 08:14:34,newest,com.tasks.android
gp:AOqpTOGaveCSgiKe_1VXzMg9I-iq0aOmZ3a9m6yBXnLWwcA5vTmK-ckd_46_0slfnIGu9WA1pshnwGAAnVLjEJk,Big Br,https://lh3.googleusercontent.com/a-/AOh14GiYC9iTIXgOt1dHLvxUnKe3oeq84rdC_h8IlLlexg,"Highly recommended , it's really working well",5,0,1.3.4,2020-07-15 19:50:28,,,most_relevant,com.habitnow
gp:AOqpTOGi92VBj0_J4UqHIpTsGLPS_SW1yWtAC41sT0vH-azLFYs5TiAoZNvxJH9tVRtOEoGOJ2PcxRCWS_2zVA,Queendy Lam,https://lh3.googleusercontent.com/a-/AOh14GjbvuH1z9TOcy78JTGr8mRK0Q3dUSdidUlTV5EC,Enjoy to use photo on notes as reminder.,5,0,,2020-07-04 21:07:51,,,newest,com.appxy.planner
gp:AOqpTOEe3bCZ2FaXTxLO8QCAEHnOcEsLWh791v2LnGS8mCofVHw9MaeWHIrMxNvgQRntImF_JqzrvcJYahIl_w,Ghalib Purdil,https://lh3.googleusercontent.com/-tBH3NGP2Vto/AAAAAAAAAAI/AAAAAAAAAAA/AMZuucn7ziSZgMWZ0965M_nzZnpUL8-SsQ/photo.jpg,Great app,5,0,2.10,2020-07-11 16:41:39,,,newest,com.gmail.jmartindev.timetune
gp:AOqpTOHm1QF8pKA-Y9CCvTnuhaIBpHOWx4zUzZMp5jIinGCNlXDRCYxIfNN4Ejcj4U6g1HC-GRcwPbCgjn2Lgg,Derek Fox,https://lh3.googleusercontent.com/a-/AOh14Gj8mYWmFsRZxFLW8nKssBfFIIx8RHs91GEqZhaGzg,Just getting started on it.,4,0,15.7.0,2020-05-31 16:05:50,,,newest,com.todoist
gp:AOqpTOFdVLAgpDlN5jAn01l8HXlt4lUblEU8XJIk8k1B0dYFlCf-NadgPe_5CkUIYv_GAsJgqpKGYdrvvcR2RsI,Purnima Singh,https://lh3.googleusercontent.com/a-/AOh14GguT4M0Mzi6t5PDbERYKlvFEydaDJM3t9L4E1Zbug,Good,4,0,1.2.3,2020-05-11 02:47:10,,,newest,com.habitnow
gp:AOqpTOHVcORDu9uGF8HlqzRUOJnfZt8TSHyh53w4kADdsWa3mqog3-k2Dxl8DjZXFErpypaoU-Y9s1qlBGkTWIA,Riju Kafle,https://lh3.googleusercontent.com/-YqX84qrVhQY/AAAAAAAAAAI/AAAAAAAAAAA/AMZuuclUtUvdNPwHtGzncjy4KIGsCFMNlA/photo.jpg,Not bad,5,0,1.5.11,2020-07-03 07:26:29,,,newest,com.oristats.habitbull
gp:AOqpTOEWwM3Tis61icGFKbQvMkXeX-OiFpO2-IWDyc1CYUAoJUG_RVKbKx6CtoQekehdkDAi6ZF0tq_2j7RhGNY,Charan Raj,https://lh3.googleusercontent.com/a-/AOh14Gj9YFHyV0QVcGzQPwxmEghwlr_-G_B5lnUj4mkRSA,"I would like to Thank you Microsoft for creating this app, really useful app user friendly, looks clean, options are so cool, if they have add options of changing background to users wallpaper that would be really great 🥰 Awesome guys Thank you",5,0,2.23.163,2020-08-05 13:38:50,,,newest,com.microsoft.todos
gp:AOqpTOE18Xtb59mGQc0QNKS9VXgqz4JS2yzM8d7mA7OslcCVSUfHkA72disbVZNSNiwnaxPE1T1T_YMguGOWsg,Appa Rao Potnuru,https://lh3.googleusercontent.com/a-/AOh14GiROt5LKOsAwoGt0l68nmmdjAcXV8dIKbz_UFtJRw,Good,4,0,2.6.0,2020-08-01 18:27:19,"Hi, really glad you're finding my app useful. Tasks is a hobby project of mine with all features and support offered for free without advertising. It has taken hundred of hours to write, improve and support. It simply relies on donations and my spare time to move forward. What would help make my app a 5 star app for you? Thanks. Steve",2020-08-02 16:18:43,newest,com.tasks.android
gp:AOqpTOE7-wJgTbW6Di86vZAoYj4qIqQ1gwSxu5wP1d5gAXkwxFjgojMfJc-LRqy8qADnt-vun2qpdKthGWznLg,badcrockett57,https://lh3.googleusercontent.com/-yDykmHdwIoo/AAAAAAAAAAI/AAAAAAAAAAA/AMZuucmrbJmim1R3BqLgnm4btLsGWaNTsQ/photo.jpg,This is one cool app. Not only is it useful but it also has an aesthetically pleading footprint.,5,0,5.14.1,2020-03-11 17:00:47,,,most_relevant,prox.lab.calclock
gp:AOqpTOEonsC-bX6Xweu0Q2ht3We2COGIwD0l-JVIQZd1R_Uo7juXIQFWpEfELR9wYuoCdR6V4nZN0TtTeFbA5gw,Xasa40 Xasa40,https://lh3.googleusercontent.com/a-/AOh14GhKlYUQBZ4ItNPTLu3bYE-lh6NgWYskm94BrKOORy0,"The best app for tasks so far. Some features are still missing for me tho. For example a shortcut from the app icon, to create new task right away. The app, however, makes up for it through the level of customizability it offers. I'm more than happy with it.",4,0,5.6.0,2020-05-11 13:11:03,,,most_relevant,com.ticktick.task
gp:AOqpTOHI8lYLh56D-npBZDndR_h77oahMod3x8HZkej3AECxw1puBQecWoShnsmneWWxZfiUyOCtcuNawgOBWmA,Geoffrey Mee,https://lh3.googleusercontent.com/-4LouvO7ZAb8/AAAAAAAAAAI/AAAAAAAAAAA/AMZuucmYGLukLWHIeAKsm7GJVB9mI9F5fQ/photo.jpg,I like its efficiency Leaves me with a sense of confidence that once entered will remind me when it should. Completely satisfied.,4,0,,2020-05-17 08:40:01,,,newest,com.appgenix.bizcal
gp:AOqpTOF2QF3_C9jpAGAEgGgdfCjaabd2EvwRk9e9W095_TQgckugQlMKOpDtyWYswIeuqorJ6LqhSk9VaNzhWQ,EZ Winz,https://lh3.googleusercontent.com/-9Yct_y3rQpU/AAAAAAAAAAI/AAAAAAAAAAA/AMZuucky4WXYNJhhSCJY3t2hpUWvxuee5g/photo.jpg,Like it,5,0,2.10,2020-07-20 15:31:35,"Hi, sorry about that 😥🙏 Please be so kind to take a look at our tutorial, you'll see it's easier than it seems: https://timetune.help/en/getting-started/",2020-07-20 15:28:36,newest,com.gmail.jmartindev.timetune
gp:AOqpTOGbgMfMmBdE8G6d6LzyfHo0pxIw6Hw6q4FA-Q7nkY9L2SYvdPMVlfBxLcAzbb25ncgbQCh-N1Od8uRYjA,Augustin P,https://lh3.googleusercontent.com/-dPjl7SXgKEY/AAAAAAAAAAI/AAAAAAAAAAA/AMZuucmZZVjDTjKoo-3bbaIaNSr_mLcE4Q/photo.jpg,This is a really cool app to plan your day through out...super colourful..but I found something bad....that is the remainders are not working properly.. please work on it.. otherwise it it super cool... EDIT : Thanks for your reply sir....I have tried all the ways to make it work but still it is not working..,4,0,2.6.0,2020-07-26 15:36:15,"Augustin, maybe you could email me with more details? If you're not receiving notifications this is almost certainly due to the agressive power saving added to your device by Xiaomi which breaks standard Android alarm manager functions. You will have seen a warning message about this. Here is the link again: https://mytasksapp.com/help/faqs Steve",2020-07-26 14:21:38,newest,com.tasks.android
gp:AOqpTOHDgi4afxJTg-HQD-vO7H4MX4teEoYVPftbIBAsjLcVAR_7SUScEFmY9Ql21p8fFZlCeNCU1uFmcpVFiA,paul v,https://lh3.googleusercontent.com/-d8cXqrntQiE/AAAAAAAAAAI/AAAAAAAAAAA/AMZuucnfue4E9pdroE48mIsm70O5TXlAXw/photo.jpg,Very well done for improving your task management. Only the lack of badge count for android phone is loosing the 5 stars review,4,0,15.8.0,2020-07-18 08:14:40,"Thank you for the feedback, Paul :)",2020-07-20 16:30:56,newest,com.todoist
gp:AOqpTOHloYWj9oG1je8xQcYZjOuYw9eVpFsSz2xFlxqA4xdxFQ3itygXCDujrHe65sar0DngSTj-wORSzWSaIA,Elo. Chan,https://lh3.googleusercontent.com/a-/AOh14GgoSCGY4nmVctLIZ2hHcm7hbMomOBM3sc_NBeALAQ,"I've tried quite a few rpg-like to-do list apps and I must say this one is the only one that I find genuinely enjoyable, and actually kinda feels like a game. You can tell a lot of effort was put into the aesthetic, everything is very easy to access and is pleasing to the eye. Although I think there should be a way to uncheck to-do's. I keep accidentally clicking on them in the widget and remaking them every time is starting to get annoying.",4,10,2.4.3,2020-02-17 14:47:22,"Hi Elo, thank you so much for this thoughtful review. We'll keep your feedback in mind as we continue to work to improve Habitica. You can send the mobile team feedback directly by going to Menu - About - Send Feedback.",2020-02-21 00:15:30,newest,com.habitrpg.android.habitica
gp:AOqpTOEtdqRJaTfrwDgXrQHHt6J7Dcrwoc9sVLlpKySIIqZ1ZtPT8qbggvObPmGK3aVMKtfoKgdk65GaZMSmRA,SUMAL MANA,https://lh3.googleusercontent.com/a-/AOh14Gg-Nd4J9HK1hLsOs6EIR40mbRj6vKrzFuOjVWFA6g,Super,4,0,2.6.0,2020-08-03 06:11:52,"Hi Sumal, really glad you're finding my app useful. Tasks is a hobby project of mine with all features and support offered for free without advertising. It has taken hundred of hours to write, improve and support. It simply relies on donations and my spare time to move forward. What would help make my app a 5 star app for you? Thanks. Steve",2020-08-03 18:44:30,newest,com.tasks.android
gp:AOqpTOH8XxA2t0qycRwaLp1USCgLbr5gF-SUoWzagKhreGcd4ujy6gT0SOoPl461L6-UtZez76xe-WMgZagoOA,Liz Jul,https://lh3.googleusercontent.com/a-/AOh14Gj0XJy75aHCSNOFG-lxAoO7yo6RJswQg5prIO3Weg,"Love it, easy to use and great for reminders. Best part of it is that you can link it to your Google calendar.",5,0,5.0.2,2020-06-19 12:39:06,,,most_relevant,com.appxy.planner
gp:AOqpTOGpe8sBmzdz19WxebHuNr_By18kMWaNDQJ2SOSAIjQwV_kHKdhQTyvteQcgCcs8PnT1l_siJM32wQ_1gg,Asher Costello,https://lh3.googleusercontent.com/a-/AOh14GiIzGJSNQ2njTKLdnQSd6BTy6cT2KmgI0UEjp8j,"I love this app. It's helped me so much. There's only a few things that bother me about it, like how you can't change the order of dailies but besides that it's fantastic.",5,0,2.6.2,2020-06-02 16:27:27,,,most_relevant,com.habitrpg.android.habitica
gp:AOqpTOHuE-20XIXQXKwkxR81Pt7vpmlzRZwPRN6vkYrqVyAuFM58RVm2GfjwvQaHn6H_eoXn2WtukK-QYPkqFg,Llisa Gilbertson,https://lh3.googleusercontent.com/-KohDy1JyO5Y/AAAAAAAAAAI/AAAAAAAAAAA/AMZuuck1FdKF1gDs6lZypHFdomF1n4ByjA/photo.jpg,"I forget to do a lot of things i think of during the day, Any.do. is an excellent way to remind me. Just set an alarm, and it will remind you. Even if its something days away.. .I highly recommend it to everyone.. even if your not forgetful..",5,1,5.1.2.2,2020-06-14 14:45:28,Glad to hear that Any.do is helping you stay organized! Hope you will share the app with your friends and family so they can have their productivity boosted as well! ;),2020-06-15 06:58:10,most_relevant,com.anydo
gp:AOqpTOFn7SIhy84OB2mrQT2kc5coiRrOIn224Yazn0OnSwz0cCtrtt5A9DucNqZR6SJRP-pzlT9A-3cKmoVP5A,Pillow Wizard,https://lh3.googleusercontent.com/a-/AOh14GiWnUfzJF3WA95Do3VVOCAKlIn8rhw7JzqEYXgoNg,"The app is what you make of it. A big imagination will take you far. I wish it had better mobile support though. Many functions require a computer. And it'd be nice to be able to preview all the cosmetic options that cost gems (the cash currency). Without a preview, its almost gambling, especially with hairstyles",4,21,2.6.2,2020-05-09 04:53:07,"Hello, we're happy to hear Habitica has been helpful for you! For app vs. web, it's just that we have a really small team and volunteer helpers usually find web-work easier. We hope to have complete feature parity for all platforms as soon as possible! For previews,  send the idea to Menu - About - Send Feedback and we'll keep it in mind. Thanks!",2020-05-12 18:46:07,newest,com.habitrpg.android.habitica
gp:AOqpTOGcRYYoYji9lR4JtWCzw7Em_QyNkc8LnOwW0D_DKOEcaZsJQzwBRISz41Ox2tIYiBM3Zg6QiyMqGD0Fdw,Rose Ann Sinamban,https://lh3.googleusercontent.com/-qCrH4a3k9nQ/AAAAAAAAAAI/AAAAAAAAAAA/AMZuucl-sMR1audsRkwkxyfrto-UBlTcbA/photo.jpg,"I love this app!! I'm a grad student, a new mom and works full time. This app really keeps me on track and helps me visualize the time I have for my daily to do list.",5,1,5.14.1,2020-04-25 15:50:03,,,most_relevant,prox.lab.calclock
gp:AOqpTOHey0Bxkdjk-BpoOsXnn66l9PdEsWBLzpuvQBZvFEEi6TxRt1rtRU2wcMZWe1rrxcLq43-CTu6U_4Eqp2w,Zach Ross,https://lh3.googleusercontent.com/-ufNSwrCY5lg/AAAAAAAAAAI/AAAAAAAAAVQ/AMZuucmIORRyaM_qtyJdzYLBQC17M_8uDg/photo.jpg,"I have a serious and long standing issue with procrastinating. Started using the app in yet another bid to get me to be productive. So far it's worked a treat. :) I think the streak keeping is a big part of it, for me. It's easy to keep a habit for a few days but the longer it goes on the more expensive it is to slack off, giving you an extra push to work harder.",5,0,1.5.11,2019-03-26 01:29:01,,,most_relevant,com.oristats.habitbull
gp:AOqpTOFyRSaTkax-2wFhsyyFZYHejcqEzjwKHM6c29PJF3fIC3DLyVSIude-hRhax86tqyuIrZj4H3zlesx10KI,Bob Marley,https://lh3.googleusercontent.com/-u9xgPsPDygY/AAAAAAAAAAI/AAAAAAAAAAA/AMZuuclK1RlTLQ7zW2-ipH3dRQJnpRiX4A/photo.jpg,"I find creating tasks to be announced. I wanted to assign a task like homework but I'm not sure if I'll get it done in exactly 20 minutes. It asks for a time of beginning and end with a date. You have to be quite accurate with your tasks, it's not just a task reminder, it's a task scheduler.",3,5,2.19.160,2020-06-16 11:28:01,,,most_relevant,com.microsoft.todos
gp:AOqpTOGgEvcQBTwRCAAAhg86mkUtRxSPw_3jShsldaTB7MES9kga70s0ZQaaa0EkLHciI5aXKY8QtZjB4QAnmXc,Suzanne,https://lh3.googleusercontent.com/a-/AOh14GjyWiN-RYwyWvaZWnb0bfuQDgCR_IyIKGfPCvvJeQ,"Your widget freezes intermittently, doesn't allow interaction. Had to remove and add widget from homescreen a few times now.",3,0,2.21.162,2020-07-22 14:13:06,,,newest,com.microsoft.todos
gp:AOqpTOFZ7peWA1Gqusufp1VpgWy6Gd369AsYwJgDAYVwsts4I5LdkDpZRMI7NJAh1_yNf7N8q0Hj0vovURUnjwE,yoursvsr,https://lh3.googleusercontent.com/a-/AOh14Gi9MEpPJIcoGp7nsPdjyqFdq-WVw1Y6GUmMWJq_LRU,"Almost perfect. But I've two issues. First, why doesn't my day get auto filled with all tasks overdue or due today? Second, reminders are nowhere to be seen. No notification, no alarm. Am I missing something?",3,0,2.19.160,2020-06-11 00:21:12,,,newest,com.microsoft.todos
gp:AOqpTOEyCJPMh-HNs-AcJb0WqdRDc6ghYw1kpKM4gfmvbMl5a2peKh-SgIj_9bAC8s6GdM8qAaqVGdoUG2LtWLU,Milind Patil,https://lh3.googleusercontent.com/a-/AOh14GgtAyo23xWBsGk4fHnlJBGO5Hh6dQYBqoPQpZBPxA,Please add today's task to my day automatically. Now it has to do it manually.,3,0,2.20.161,2020-06-30 19:07:48,,,most_relevant,com.microsoft.todos
gp:AOqpTOGwJUnBZDGN7FxXKZNVAJuF3BD_ySwBHtVGGgBhWs2G-P5MibTMOdJ182T9I5rmy0hmJnH5vweboeli7w,harry sheng,https://lh3.googleusercontent.com/a-/AOh14GhQKKqvfytCi8oCleFEGiWbyn6FTwltmgAHAkJo,"It consumes too much (1/3 of the) battery, otherwise it is great.",3,0,1.21,2018-11-15 03:04:43,"Hi Harry, apologies you're having an issue.  Can you contact me directly with more details of how you are using my app?  II've not seen this on any of my test devices and you are the first user to report this.  Thanks, Steve",2018-11-15 08:51:43,most_relevant,com.tasks.android
gp:AOqpTOE_q2b-H18t8l-zIQ93VCtXgb3k8QGY4qNmHdQCdoqW0OmOAAqZckhqk76pSmRQD4JE50ikUE21H6uXeA,Ivy,https://lh3.googleusercontent.com/a-/AOh14Ghhd_dwoTVgDBJIrVKH_gcFri9a8ZjG_TQJJB2Q,It seems like it could be good but very disappointed that it's subscription based and that there's not a one time purchase option. Not sure if pro has this option but it also doesnt seem to have a history of completed tasks. Will need to keep looking.,3,1,4.10.6.1,2018-11-12 22:02:59,"Any.do is a service, not just a product. We continuously add features, keep information synced, safe 24/7, and provide Priority Support. Since Any.do offers more than a standard product, we chose a subscription as the best pricing for it, like similar apps on the market :) You can view/restore completed tasks by going to Settings - Completed Tasks.",2018-11-13 16:27:09,most_relevant,com.anydo
gp:AOqpTOHktqUFfmysORxP-BHzo2M6kAInV4en02FdIggvOeCIiBRx9O76DWnck5ZELxNBeCpAl8RG1EDm6mvDBA,Anna Edwards,https://lh3.googleusercontent.com/a-/AOh14GjVHZWErWgFn53qzSQDZCSwjpQjbg5KqK9wU6KF,not quite as good as Wunderlist for me... but overall decent and as I need to use this for work now (as wunderlist blocked!) I am trying to get into it broadly. premium features seem quite pricey.,3,0,14.3.1,2019-07-03 21:43:11,,,most_relevant,com.todoist
gp:AOqpTOGriHDwzPXORqcOMnfoUWyjqXBuX2qoJzPW1JJyP8bjjPjIFDPyB4X8GYfv2ZsnoZi0hrpTHRFTJDgAHQ,Moja Baba,https://lh3.googleusercontent.com/a-/AOh14Gi6U2LFkrSuEoe_aJNiOC4YBHULSDOEhxOQqW61wA,"It's okay application however it is not that practical. Reason is more 
often than not I have some event I'd like to add and shift around my 
routine. This is not possible at the moment (using programmer for 2 out of 
3 days is meticulous just so I can add 1 event). It would be good to have 
the ability to move and split routine items with events. In essence make 
programmer less of a hustle, and more natural and quick to use.",3,1,2.4.2,2018-05-13 22:37:40,Hi. Thank you very much for your feedback. More improvements will be added progressively.,2018-05-14 07:35:48,most_relevant,com.gmail.jmartindev.timetune
gp:AOqpTOHNAzaIIfLGOEer8YOL6-EClEbfzbZX1EtE6tiAkNZQx9RszJQgtQgS9tfX3IU6Fbgx_9stqTfmQzkhug,AK Gmeygrlye,https://lh3.googleusercontent.com/a-/AOh14Ghdb555XfZDQTE0dncg5iztyN6z8Fn0dJu0gbo0,"Worked great in beginning. Enjoy multiple lists & sublists. But now I have a task ""haunting"" me, it won't let me delete it. Wrote developers, we'll see. Using SG8+.",3,0,1.28,2019-07-02 08:02:34,"Hi, apologies you're having an issue with my app.  Please check your email :) Steve UPDATE, according to your auto reply, you may need to check your spam folder.  Steve",2019-07-02 08:15:21,most_relevant,com.tasks.android
gp:AOqpTOFyd9JI7dWZ_8p3Z4LWyXwwXamxfC475U-Tzw1CdZo_wTO10_HB3cKmstXCUupwrbihlHoxBd4JLGWdpg,Angela Kvasha,https://lh3.googleusercontent.com/a-/AOh14Gh46EBnjYxFycvpZQPooimFb8tbH6mS40ft4F-NrA,"Really don't like that they changed the empty time slots back to the way they were (whenever you delete an activity the activity gets replaced with an empty block separate from the empty blocks before or after it), I find it to be extremely unnecessary. But the new feature of increasing or decreasing an activity in 1, 5 or 15 minute chunks is great, and the programmer feature works well as always, particularly good for planning out studies and work.",3,30,2.5,2019-02-15 22:31:46,"Hi Angela! Thank you very much for your feedback, we really appreciate it 😃 The thing about empty blocks is a trade-off. If we want empty blocks to be movable, we cannot join them automatically (and vice versa). So, we preferred to give the user the freedom to manage their blocks as they need. Remember you can join the blocks if you need it too.",2018-10-26 08:34:26,most_relevant,com.gmail.jmartindev.timetune
gp:AOqpTOHz9_JyvhB9dQrBPt2iD2rpbM5bEDDRb2pD6rjlYA-JwLpmVO6R7uTMHEEleP6eNzr2XFUFohFVu7O4UA,Satguru Vashisht,https://lh3.googleusercontent.com/a-/AOh14GjEbugvBQ6LfQID9-SbLCXKNunSv_TJEWhq-fB73zI,Looks promising but I can't create avatar due to this error: path 'profile name' is required.,3,0,2.5,2020-03-19 17:50:44,"Hi Satguru, sorry to hear about this issue. Please let us know if you're still having trouble by sending us a message at mobile@habitica.com and the team will look into it.",2020-03-20 22:39:37,most_relevant,com.habitrpg.android.habitica
gp:AOqpTOGJY9nPfyArHox8GaGz_QtlAN5DZsK8gCiiGUHz-5owbNHX-zboG31FvJmhxD2jCcvSAf_F0Kziy1dcCA,Priya sinha,https://lh3.googleusercontent.com/a-/AOh14Gj31mj5Bob4R--zSc2vJ38tXJxeIpCsRXlWIbi3yA,"Overall its good but this new version is not working when i open store, app gets close automatically",3,0,4.19.2,2020-07-20 17:02:12,"Hi,
Thank you for reporting the issue, we are currently working on it. We are sorry for any inconvenience caused. Feel free to let us know if you have other questions or suggestions! :)",2020-07-21 01:22:00,most_relevant,cc.forestapp
gp:AOqpTOH0x1huAUoMAlzvaLjfxRzHSrGLVSg9zkQwYAH8gBjxm6XFyOHjg3TTUmtZnnP39YTJuFEQkHCO2noteg,George Agiotis,https://lh3.googleusercontent.com/a-/AOh14GjRJnhkdpn4vwaFbDjALz6ZJdYUY4BqhzLpCqAoVA,"Very helpful for setting up a consistent schedule. Although an extremely important drawback, which is the app's blessing and curse, is the mechanism of killing the tree when you exit the app and open another. This idea fits perfectly in the concept of the app when a social media platform is activated but it's rather frustrating when the only thing you want to do is look up something on the internet or use Google translator. I suggest an update where the app generates an application checklist.",3,181,4.15.0,2020-04-07 08:58:55,"Hi,
If you upgrade to the Pro version, you'll get access to the whitelist feature which allows you to use apps that you've whitelisted during planting sessions. We hope you consider it. Thank you! -Forest",2020-04-07 21:40:46,most_relevant,cc.forestapp
gp:AOqpTOEwBexXylpmnNQr3bqY-Vif0EN0ClCijR-nqED0VozyZ6EgOSk0Z3GJw8K3u-IckWBcz5gDcFg30hPOqw,scott parker,https://lh3.googleusercontent.com/-fVpGhCxLXOc/AAAAAAAAAAI/AAAAAAAAAAA/AMZuucli1POSSSOTf1J9xOQxk6oPuwGRsA/photo.jpg,"Great in theory, doesn't play nice with outlook which is s shame as this could be the next must have app",3,0,5.16,2020-08-02 07:53:09,,,newest,prox.lab.calclock
gp:AOqpTOEMwA-U3-6G0TlvQiJc-Ver2dqpNkyWSQcPd_c_reaf-Zwc_Xb-Xoy5MMPaLgk5mwugkgDJ08lPC0w8xQ,DeadEnd Jeni,https://lh3.googleusercontent.com/a-/AOh14GhMbDzcTwMZhnjivuq4fBIgph5IT-TTStICnxp_RQ,I love this app. I would really love an option to check off or mark that a task was complete.,3,0,2.5.3,2019-03-03 22:47:02,Hi Jeni! Thank you very much for your suggestion 👍 This is a possibility we're considering for the future of the app 😃,2019-03-04 08:12:51,most_relevant,com.gmail.jmartindev.timetune
gp:AOqpTOHmKd-NcZcu_oy6c_rCqNYQ23SB_rUwVUMRqPYul-FHCdTZv3INYXr71FcN7ki7mFbvdqElf1JoXCPfUA,A Google user,https://lh3.googleusercontent.com/EGemoI2NTXmTsBVtJqk8jxF9rh8ApRWfsIMQSt2uE4OcpQqbFu7f7NbTK05lx80nuSijCz7sc3a277R67g,I am managing need a reminder,3,0,1.21,2018-11-30 04:41:57,"Hi, please see the new online help to add recurring reminders: https://mytasksapp.com/help/faqs.  I hope this helps, Steve",2018-11-30 09:07:00,newest,com.tasks.android
gp:AOqpTOF4eArT7HiHWOttPtGU5jm3uWFee-KcfcnsG07TvReiKzW1u3-v7hclToAYI0I_LqAOSRnhyoovgtLqFqU,SUV Tropics,https://lh3.googleusercontent.com/a-/AOh14GiEr_ta-w8-6N0_ZgXXK2TqBsst-9jjaS0KmfgxN5c,Full screen ads. 0/5 Edit : raised to 3/5.,3,8,2.22.0,2020-07-08 15:05:08,"The free version is still functional as the skippable ads appear only ONCE every 18 hours! Otherwise you can use the app without any disturbance. Please note, that this free version needs to be developed and maintained on the daily basis. This requires a lot of time and work. The ads help us maintain the software. The pro version is fully ad-free",2020-07-06 12:53:04,newest,com.appgenix.bizcal
gp:AOqpTOHiKTUDIr5lyARB8JzuvoJwtez6rlhKngJHNQW1QhN4-2wFWYjXm1Bcow1rzr-1k5T9Tg3yt034Q_eHEw,Anisubhra Sarkar,https://lh3.googleusercontent.com/a-/AOh14GjJ7TQyfrrIdG4cRi1bfslLmUz4hLp5PZIBH7zF5A,Everything is great. But the sort by time isn't working properly.,3,4,4.19.0.6,2020-04-21 17:32:29,"We are unaware of any issues with sorting by time, so that's odd. Please send us a bug report via your app Settings - Support, we will be happy to get to the bottom of this for you. To learn more about managing Tasks go to- https://support.any.do/the-task-view/.",2020-04-27 08:36:40,most_relevant,com.anydo
gp:AOqpTOEt8fpfQdQvPGYxVdSpS7w3E84Ys4ZXKUO7FLZKYQd8UnfNvqrFqQPPzbauDooW2K5oUXmwHLSIrY800Q,The Ippy Bee Project,https://lh3.googleusercontent.com/a-/AOh14GggbGY_j8Z5cvqyBcLIQLznPsNKR1E-da1F2tpDbQ,Really like this app but wish I could see my WHOLE calendar or at least have the option to search for a specific date. That would make it perfect as I want to use it as my go to planner.,3,1,2.6.8,2019-12-31 10:42:16,Hi! Thanks for your suggestion 👍 We'll evaluate the possibilities 🔎 Cheers! 🙂,2019-12-31 13:39:47,most_relevant,com.gmail.jmartindev.timetune
gp:AOqpTOH_yIp10L3aGxAEhE-65KzWWjgNFVuyvuVd3auaIUJDVPtGjlPGCeuyEjfKzIae8znBxCs2pJ7VJmrcGA,Kimo Kuhns,https://lh3.googleusercontent.com/a-/AOh14GgtvnIDDD7K2SvhFrTmfqsD63qEKkqb4wdUde_w,"The only problem I have come across so far is, the day calendar does not change automatically. In order to get the current date on the day calendar is to go to the month calendar and select today's date. That said, the program and UI is better than the pre-installed calendar program.",3,1,3.2.2,2016-01-13 13:33:53,,,newest,com.appxy.planner
gp:AOqpTOFDK5BqWiga-9xAgNaJLtIfLAXjf8JtwqWDl8nQCuvstSX1L5D9CE6jnv_YFpXqQ7hoQZZ7QVBN5YS_GQ,Liz,https://lh3.googleusercontent.com/a-/AOh14GjdumwseCW7HeG7846jxOjg7wXwUyVSZ1FdaLjh9w,It won't allow me to sync it with my Android watch and there is nowhere to ask questions!?,3,0,5.7.2,2018-10-19 16:53:06,"Hi. Synchronization with Android watches works well. Email me at 27applab@gmail.com, I will help",2018-10-20 00:58:31,newest,prox.lab.calclock
gp:AOqpTOH5pJ5GgNbR9alY34whHC94uP081kHsn2YgKeBTAJ-C-Wmd8toiFkqXtE-E1sIsbyarbiUfCrGbn9K6m2w,Chainsburg,https://lh3.googleusercontent.com/a-/AOh14GhkKtrnRp-BvQT4rQI7WWS6sgK1wd4OwrVjMDID1w,"PLEASE FIX THE SCHEDULING THAT CHANGES TO Jan 1st 1970 when selecting any day, I can only schedule using the Today, Tomorrow and Next Monday buttons, not the calendar, this was present for over 2 months by now. Also, smart text detection doesn't work at all for "" on tommorow at 6:00PM "" for example. Please fix these 2 issues.",3,4,5.7.0,2020-06-08 07:40:18,,,newest,com.ticktick.task
gp:AOqpTOEOttQAssKn8vISuWjpkPICdTRdnwB9Ty5wX-qC452v96dITrl2H-m8iSfQnF_l6UbTS-zPSv4hZSBBUGY,Denis N,https://lh3.googleusercontent.com/-O68SPCAUcLQ/AAAAAAAAAAI/AAAAAAAAAAA/AMZuucn6DlllKXYoMdlSjCfP0nfhejAuwg/photo.jpg,"a wealth of options and no guidance on how to use them. templates or examples would be useful. if you're willing to stick with it, you'll find it very useful. the leaning curve is steeper than it needs to be.",3,1,4.8.6,2019-03-09 15:51:41,"Hi, here is the user guide. https://support.ticktick.com/hc/en-us/categories/360000948871-User-Guide. ^_^. Thank you.",2019-03-11 10:46:40,most_relevant,com.ticktick.task
gp:AOqpTOGSlfviRT9n1Fd45ayST7HzjE8ZtNhpG1Ft3DnwYtP4GPRUSoK0DWYIyHMOx2M1jBxP_eBrSFiaAYGI2g,Linart,https://lh3.googleusercontent.com/a-/AOh14GivnqJozrn28fde6R819T9-0T3qB0xgIdQsz47IGg4,"I actually like this app, which is why I bought the Pro version. But lately, it keeps crashing after I finish a productivity session. I think it has problems for Pro accounts. I really hope it can be fixed soon. [07/24/20 Update] I downloaded the new version of the app where it says that the bugs are fixed. It was working well for a while, but the same problem kept occuring again. I need to uninstall and reinstall the app consistently just to make it work again.",3,0,4.7.3,2020-07-24 07:03:58,"Hi, sorry for the inconvenience, please update the app to the latest version (4.20.1). If it isn't solved, for the free version, please email android.support@forestapp.cc. For pro version, please email premium.support@forestapp.cc or contact us via in-app feedback. Please provide screenshots or videos of the problem and your Forest account details.",2020-07-26 08:35:00,newest,cc.forestapp
gp:AOqpTOEDbCqa4teyC62FRMwAAVtgi6JGXmlPaePRtkFhvvbmfxtFKWCVZhJUHiEmraXOm5HlTCFNrz08CeGcsQ,A Google user,https://lh3.googleusercontent.com/EGemoI2NTXmTsBVtJqk8jxF9rh8ApRWfsIMQSt2uE4OcpQqbFu7f7NbTK05lx80nuSijCz7sc3a277R67g,"Its a to do list that can go everywhere with you and no writing! Can prioritize list as well great little app 11/2019 edit- hoping like other folks that they undo the changes. This app has gotten more difficult and counterintuitive with the last update. Used to be able to select multiple items to reschedule at one time. Can't do that anymore. Also used to be able to just type repeat everyday, repeat every Monday Wednesday and Friday etc. It now seems like only sometimes that works.",3,6,3.0.3,2019-11-18 03:05:49,"You can still multi-select tasks in two ways, either by using the ""Multi select"" option from the 3-dot menu at the top or by configuring the ""swipe to left"" gesture to multi-select. Recurring tasks still work when you enter them while adding the task, when editing it, you can use the scheduler, but we'll change this in a future update.",2019-11-19 12:28:23,most_relevant,com.todoist
gp:AOqpTOFi4a5PkiCKvwDcmA_Jd5gjCf2a9AR73j1adzJEhWn_49DDrKhXWq0bpJfwLBFTw317XC0I4PHelkneoe4,Rishikesh Ramjith,https://lh3.googleusercontent.com/a-/AOh14GiOzagtBDw_JT4uoPrYAg10Fj_uqF3eoJdJmosmZg,"The app itself is really great. However, if you are going to buy premium, please make an account first, then buy premium. I bought premium without an account and was fine until I switched phones. I couldn't buy premium again because the option had disappeared but I didn't have access to premium features. I had even emailed support about the issue and gave the invoice number from Google play store. No response. This is enough to make me not use the app again.",3,0,,2018-10-27 04:45:37,,,most_relevant,com.oristats.habitbull
gp:AOqpTOHoTk0fuCylKhx0J0T97X7Z8aZ2mm9tqs7URPDEsMVFNslXsLMDhHdxreft9FRhhv4SgWU2Mywk-D4T1g,Sougata Das,https://lh3.googleusercontent.com/a-/AOh14Ggkxl0MnEgtPNR0XJtnUNIebJykF_f7V83H-tqR0Q,Crashing a lot after update,3,1,4.2.2,2016-10-06 16:37:38,,,newest,com.appxy.planner
gp:AOqpTOFMnXhNnCsju4irCI_EoPJChNAzkiJ2TOH0EEBtvj4P74aJKYmXyenO6Xs7tzVJaY4NyaRh4PsKGLkSWw,Abbie Sydes,https://lh3.googleusercontent.com/a-/AOh14Gh2dFMwR08RCFl3hrFo_bkVimrr6KsE7o1d7eVJ,good so far. only used a few times may review later on.,3,0,5.10.3,2019-05-27 21:22:26,,,most_relevant,prox.lab.calclock
gp:AOqpTOEDMRDfsdDM_PFB-aDz6lEKmFlR6_vbxvP5i62zB5MvMDiKBdRY1Bg3SLMxl76iapsMdXzHm_GgI-cB7g,Lawal Sadeeq Hayeende,https://lh3.googleusercontent.com/-4ItnqrvNjnI/AAAAAAAAAAI/AAAAAAAAAAA/AMZuuclNReZcRfX8KzvfZQgvueMO7FYXdg/photo.jpg,This is by far the best and complete Todo list app i have come across so far... However the notification and alarm feature doesn't work... Would have gotten a 5 star from me if that had worked. Thank you.,3,0,2.3.2,2020-04-01 07:31:21,"Lawal, apologies you're having an issue. However, this is almost certainly an issue with your device not Tasks. Some manufacturers add very aggressive power saving to their devices which breaks the standard android alarm manager functions. Please check all power optimisation settings related to Tasks app and enable where appropriate. Steve",2020-04-01 09:20:55,most_relevant,com.tasks.android
gp:AOqpTOED5uBYL2YA3ICN-LXCQ2RH03hh2gr-Km39hL-wuCytjHQfUNFsd44FkaP1J0uMozi2XqPQvQ6BYTKS-lQ,Bernhard Danecker,https://lh3.googleusercontent.com/a-/AOh14GjZnpRlF5R7M2qBYkfmDA4zV-ZKGVDofC073zEjaFE,Would need an UI refresh.,3,0,1.5.11,2020-04-18 09:36:21,,,most_relevant,com.oristats.habitbull
gp:AOqpTOHvXfdBGtzTgYTFd-RKswUa3aTnMixaOJ3CMDJ3F7tK1LlPyW9rA3yMn0-KR17C6kERV2O1LFwUgX6RNg,Vinny Lieb,https://lh3.googleusercontent.com/-CsJhvXN7I5M/AAAAAAAAAAI/AAAAAAAAAAA/AMZuucnjBN18vlqg9PHC43Szq7AdV3snBA/photo.jpg,"I wanted this for my tablet, and like the features, like tasks, a calendar etc, but I'm disappointed. It is locked on landscape position instead of allowing it to rotate to portrait position. If they fixed that one detail it would be a winner for me",3,4,3.2.1,2016-01-03 21:16:04,,,most_relevant,com.appxy.planner
gp:AOqpTOHX6eZLHrUmQqVIkZR-ZjZbmGRY0bKppco-gnEmV6OQy6AZINeD7aS1TsxHIHm__SuLaIQjC2SDAyvGM6g,Michael McConnell,https://lh3.googleusercontent.com/-D14Cyj7Lh9U/AAAAAAAAAAI/AAAAAAAAAAA/AMZuucn6odcpOBWQmiFtP1Kma41XwWHevA/photo.jpg,"Liked it when missed tasks automatically got added to ""today"", versus a separate screen.",3,0,2.19.160,2020-06-12 22:13:05,,,newest,com.microsoft.todos
gp:AOqpTOGwWsdnC6SYm60jAL6RtHHV1HFHLcDWqtUMupn1u_YAxpGHwzMEBllyEIDQGAH1gJBI6j170MVDQprx,Amanda Ison,https://lh3.googleusercontent.com/a-/AOh14Giy40w1FIrwHr6MeyQr0sOnw9zQbDSzrhVZgQ6a,"I really enjoyed the concept, used it for about a year and paid. What ultimately stopped me from using it is it is not user friendly and glitched constantly. It wouldn't keep my settings even though I changed the default. Or populate tasks on my widget. Format for setting up recurring events is hard to navigate and it kept duplicating and deleting tasks when using desktop version. Basically an awesome concept performed poorly. I think if more resources were put in to this app it would be epic!",3,0,,2020-07-24 16:04:11,Thank you for the feedback. I'm constantly working on the app and doing my best to make it as useful as possible.,2020-07-25 09:21:25,most_relevant,com.levor.liferpgtasks
gp:AOqpTOELLbNF0DF5iGi1P-OBlruVou39Pk_eqG8q5dVzwRxixd4cQHzrZbkxvktvvlIarglZ2BOhpZs78yCewg,Michael Große,https://lh3.googleusercontent.com/-pEMwD_CwWUc/AAAAAAAAAAI/AAAAAAAAAAA/AMZuuclgdamK1gFC6VFqyeHTTbCctWDZKg/photo.jpg,"nice, but there seems to be no way to hide declined events? that makes it much less useful. Would give 5/5 otherwise",3,0,5.10.3,2019-07-24 08:08:51,,,newest,prox.lab.calclock
gp:AOqpTOFD6BFEmURc-IPZgrQZeHGJteLDD-Ehtbh-fdo50bda_-Yfk3SNTEJdLjo6jVvNFnENAycBpVN61QuMcg,Denise Garcia,https://lh3.googleusercontent.com/a-/AOh14GjgpDTRiOX2j8iIOnkIKS-sS_qEGpUI_TjfJR1k-Q,"Some nice features here. Their approach really set it apart from the other I've tried so far. It's a strong contender as a Wunderlist replacement. The only reason I am still not confident on a switch is their Wear integration. It's terrible! The app doesn't listen to the watch at all. I've tried completing and snoozing and it does nothing. The watch app can only add tasks, so the screenshots they're sharing here are DECEPTIVE. I also wish I could hide completed task, instead of deleting.",3,37,4.16.2.5,2019-12-14 19:35:03,"Dear Denise,
Could you please contact us via Customers@any.do? We'd love to hear more about this issue in order to assist you.",2019-12-15 12:34:06,newest,com.anydo
gp:AOqpTOG4dOI_F2lsSWEMv-WLes-Tb-xcir77RDybYuduM4_bRYrwKMeTa8ubIh9jGte7mtBY-HXmAMptccPtAw,Pankaj Mishra,https://lh3.googleusercontent.com/a-/AOh14Gi_F0-f5HW-1R0Sy_sL1_625tHQHKC1BRPeoVeddQ,Nice app,3,0,2.4.4,2018-06-15 02:39:46,,,newest,com.gmail.jmartindev.timetune
gp:AOqpTOFXGe-MA2nCV6-5UdQFDRtMtMIHuEWSw_ILVj6sY3sNSM2Z0XTPt-_nCEJbxpiYviYzJZj-ViYoTURORA,Matthew Lintschinger,https://lh3.googleusercontent.com/a-/AOh14GhSaZfAg7ZRc4FbUlJtNcn9p9JLFjUu0J0Ew0Qt,Ugly graphics. I wish it measured my walking distance like Pokemon go,3,0,2.6.2,2020-05-23 05:07:18,"Hi Matthew, thanks for your review. Our artwork is done by volunteers from our community and is intended to evoke a retro style. Sorry it's not your cup of tea!",2020-05-26 18:32:48,newest,com.habitrpg.android.habitica
gp:AOqpTOHOeScWXbcSsRpKJCosEOnuPOcfF5coPgwNX1N89AOH3yzeW9oCuYWF8LZgpk5_FPqg0fbOmUXsuZ9YmQ,Paul Watrobski,https://lh3.googleusercontent.com/a-/AOh14GiaLR2j56m90aIE1NlHZNOegPdtkks9s2zm75Pulhg,"Overall, it's pretty darn good. The only problem I have with the app right now is that the crown doesn't work for scrolling. Please integrate this simple feature for five stars.",3,1,2.4.1,2019-09-10 21:34:54,,,most_relevant,com.todoist
gp:AOqpTOHldXWJh4enswiXyqsCka8mLgfFeEnPGxL3EKxyguqVWsLw_T23WrFb887hrvGNNdP3OButsPP4QyUFlg,Jewél Walvatne,https://lh3.googleusercontent.com/a-/AOh14GgNsBGZTTJbfAyaZmIzNA-CjpoSdX9Tx-UMQRJBt_8,I didn't like the way the lists would set up...,3,0,,2019-02-17 02:31:21,"Hi Jewél, could you be more specific?  Tasks is a community driven hobby project of mine with the most popular suggestions added over time.  How could I improve my app?  Thanks, Steve",2019-02-17 09:25:41,newest,com.tasks.android
gp:AOqpTOGvVdwCwHwfHB65WGAFi9e9D4l65BSsarWOizIkEsKnwgCS_0LxluJuLyXGpxz0N8tN6FyxkbF3pBw0cg,annette snyman annette@dpsa.gov.za,https://lh3.googleusercontent.com/a-/AOh14Gh8rsxrMSO73Q5fMfQasLtFiqdlKBy8Z636p1p_0w,I like using this app. I would love to see a sync between devices in future.,3,0,14.4.1,2019-09-05 19:21:44,"Annette, our app autoomatically syncs data across all your devices :) Please make sure to log into the same Todoist account on each device.",2019-09-09 15:20:16,newest,com.todoist
gp:AOqpTOELVr5P24tAsSAGhvn0nsdYlCONLjmcyUcH6RBs0UVrnSxSQMPiUMXnt17ywohTv5OaAyg5Jj70XxZGTA,Itzel Salazar,https://lh3.googleusercontent.com/a-/AOh14GgGIjGojFdCUG6VeUYgp-Xficqi6dvyVCr-hijT,"I've been using it for a while and really find it useful but it duplicates the tasks which is pretty annoying...i suddenly have to exercise 6 times a day XD...I guess that could be benefitial...but no, it's annoying really xD Will be glad to give it 5 stars once that stops happening",3,5,5.0.2,2020-06-19 05:04:12,,,newest,com.appxy.planner
gp:AOqpTOFHIU5AF1LnxjvDX-9MmZahGFftKADhfPml5KuVISnbGgNBHBaCCkcFFF5s1sd_kjRoOnILuOPYx5aNkuQ,River MacLeod,https://lh3.googleusercontent.com/a-/AOh14GhjbavnkYyKDCn2xRFlzi5Z2k_1OiHin-_GOl9cMQ,"I am Apple transfer, and I am yet to find am app for android with the same functionality as the built in iOS app. This one is ok, but does not do what I need it to. Literally all I want an app to be able to do is have reminders pop up when scheduled, then stay on the screen until they are completed. This app will make the reminder pop up when scheduled, but if I don't complete it by the end of the day, it will not stay on my screen. Seems like I have to try and find a different app.",3,0,5.4.0,2019-12-07 18:12:28,,,most_relevant,com.ticktick.task
gp:AOqpTOG5bmbtcywhntdyaoFSkPbBVYhji_wOCQUwhO0xgx2l38N4jLiMCiUhAS77AmN_WlpjwMP-ZpQzG2mPFQ8,Argjend Plugi,https://lh3.googleusercontent.com/-A32y2nynr0I/AAAAAAAAAAI/AAAAAAAAAAA/AMZuuclTVJihnL1zxLDrcRhhgZ22HQjhLA/photo.jpg,Pretty good app,3,0,1.5.11,2020-06-21 08:56:22,,,newest,com.oristats.habitbull
gp:AOqpTOF1_xUAFEIZ2bKNi1fjxShY6xKE3naf9IwMZ6gtajk2-pjrmb48L4uvovUxzzXjnBivc7KvG7DBvXCputs,Aleksei Kiryanov,https://lh3.googleusercontent.com/a-/AOh14GhvhCu8QkGXLdP7G7qgZHmDgOXDRgpyGL6D3JXhmw,"Most probably its my choice since Wunderlist closing, but why are you guys so persistent in denying email notifications feature?! App really often skip reminders.",3,1,5.7.0,2020-05-20 11:38:22,,,newest,com.ticktick.task
gp:AOqpTOEXOVXch_dlAVRfQabxe_BSwpuSC0miDNqJ2t46Z8G08IXIavuqFeCsDBVVkPFm5TuDyij_hbhYTXGUrw,Jessica DeVera,https://lh3.googleusercontent.com/a-/AOh14Ggc0x_mWVXE5PxyLyyhBMba10ShTVFl66c_xpBNrtA,Will update down the road,3,0,3.2.3,2016-03-01 13:58:20,,,newest,com.appxy.planner
gp:AOqpTOFzcwqifmnam96X_IYQWJFGZhDqU_uhSdm2TwYQ1gCXLMz6rdQMfaSQNILFENBv6HbAj3oc3kR-XycfXQ,Romulo Fosca de Freitas,https://lh3.googleusercontent.com/a-/AOh14Gif5u70NG6rT9gySukDgHc9EJakKy43fvxrPraOZbo,"Works okay if you're looking for routine alarm, but not exactly as a motivation and control of routines.",3,0,2.9.3,2020-04-16 15:56:00,Hi Romulo! Thanks for your feedback 👍 Please stay tuned. The app is still evolving and we'll be adding improvements progressively 🙂 Cheers!,2020-04-16 20:48:43,newest,com.gmail.jmartindev.timetune
gp:AOqpTOHflDw_on1UUVlkNGYVMjXMtCG69_B9OgGGmN3exAMt5jw5v1SzPKZ3IHtiXOEWP7MHnQniHWN-3rh3Gw,Satya Ananda,https://lh3.googleusercontent.com/a-/AOh14GiyRm3ijRzsx_M0RkelfsPYzlCHYjO3WkH44nX4Pec,Why would I pay money to have recurring events in a planner. I think I'll stick with my default calander app,3,2,4.0.1,2016-05-11 21:02:40,,,most_relevant,com.appxy.planner
gp:AOqpTOFlAi-5n9MObVCqOyrHS9tF0oFG00UxxHmApqLIY8nb12002ypHVQImxD9NLOvFzxq_IcbmpnEIj4lKPQ,Njd K,https://lh3.googleusercontent.com/a-/AOh14GhM2MZK7Hf1Qmjxb75U1_tZBqjLbffZQciSVg5J,"I missed the old tiny tree that was at before for 10 minutes of focusing, I truely missed it 💔",3,0,4.13.1,2020-02-22 09:39:51,"Hello,
Thank you for your feedback. We will forward it to our team. :)",2020-02-29 18:32:43,most_relevant,cc.forestapp
gp:AOqpTOFZvK_nEViv98o3LT3hAOWFPGVJU02dio_-yOPfNlLUrSS_-LlZcst6biVIH909xw7uWtyHP8LpB6O6Og,who knows,https://lh3.googleusercontent.com/a-/AOh14GhgC3HztB6E0NwQ0m1NLhgUWzNTQBLkNkNbFzTZVVo,Not being able to view my list of things to do or to get.,3,2,4.3.3,2016-12-21 00:30:25,,,newest,com.appxy.planner
gp:AOqpTOEntwRBg413B6uBHXhn1jPOBxrN9liFKzZIDTwDLhJskf0yMu0SsHPOdEeX0HzNDu-mBXxwxD0Vj90eeQ,Guilherme Zanetti,https://lh3.googleusercontent.com/a-/AOh14GiDvvh9lnGLaYUcYYJZ7synNXOJcvPPWjrOgxj9kQ,"Doesn't offer too many options to notes and writing (listing, text fonts and sizes). Tools and resources are very simple and limited.",3,0,13.4.5,2019-06-24 16:25:08,"Thank you for your feedback, we'll look into adding more formatting options in the future. For now, you can use these options: https://get.todoist.help/hc/en-us/articles/205195102",2019-07-01 11:56:14,newest,com.todoist
gp:AOqpTOEaMWf52zk7UbgRrm9QQP6SxpBhbMlw1aS7ywSidQe9jjDJNI3_3jpYrIa2qVHNvpdR2g1CpchHxzpxjA,Seb P,https://lh3.googleusercontent.com/a-/AOh14GhS-v0hhNpPsxjYfLGwA0GQIWpicHJ90ezmx2MTKw,not practical,3,0,,2019-03-13 23:26:10,"Hi, thanks for your feedback. Keep in mind that the project is still young and evolving. If you tell us the things you didn't like, we'll make them better. Your opinion is important. Thank you very much.",2019-03-14 09:22:00,newest,com.gmail.jmartindev.timetune
gp:AOqpTOHdxFJf2Pmk9EUYZuTHFbIi0NoujSxR6j4af_r8EyfZxoF-7ydJ6Rh0oyFH7fhiNavlmKOGDNxBwlZzGg,kai xuan,https://lh3.googleusercontent.com/-K0mvzEOYDTw/AAAAAAAAAAI/AAAAAAAAAAA/AMZuucnDATWn-r3stDDiHTaraC1-r_-tog/photo.jpg,"I think that this app is honestly really fun!! and for an unmotivated student like me, this gives me more motivation to study but this app has limited rewards and it takes very long to get enough coins to buy new trees so the forest becomes boring after awhile. I recommend giving new trees as rewards after focusing for eg : 200 mins 3 days straight or something like that. this app also deleted my 2 hour study because I used my phone during the last 1 minute to check on texts from my teacher 😭😡",3,1,4.20.0,2020-07-28 15:45:38,"Hi, sorry for the inconvenience, please update the app to the latest version (4.20.1). If it isn't solved, for the free version, please email android.support@forestapp.cc. For pro version, please email premium.support@forestapp.cc or contact us via in-app feedback. Please provide screenshots or videos of the problem and your Forest account details.",2020-07-28 12:48:38,most_relevant,cc.forestapp
gp:AOqpTOHODGD3uYJDWGKIcPuWciwBRRmSp68XtsPAHE1v5lPVQhSiyuHLnnIiKt5_TdUohEys3ZKKBbjRLE8X0Q,JERRY HOLM,https://lh3.googleusercontent.com/a-/AOh14GgVWE64jr7oCw1Vx2_m-JlkwHAzFvWuaFR0__mdWg,Good,3,0,1.21,2018-11-30 05:20:42,"Hi Jerry, thanks for your positive feedback.  What would help make it a 5 star app for you?  Thanks, Steve",2018-11-30 09:07:47,newest,com.tasks.android
gp:AOqpTOGC782dcE6Hiqin7NZST6JmIhxv-6Qg1Wqjo9fg5GtkO9mYlXkOAZ2GEjvH_nc8Dr2Y7yMm0DahXS1VsgM,Rejwan Rahman,https://lh3.googleusercontent.com/-Fg1xzhdlWHw/AAAAAAAAAAI/AAAAAAAAAAA/AMZuucl72XmVI-0SztXGDVx_CxVig5PhAA/photo.jpg,Great app only problem is that whenever I set reminders for the task I set I don't really receive them would definitely rate 5 stars if this problem is fixed,3,0,5.2.3,2019-10-04 18:44:09,Thanks for the positive review! Could you please go to Settings &gt; Sounds & Notifications &gt; Reminders Not Working and see if it works?,2019-10-05 02:31:45,most_relevant,com.ticktick.task
gp:AOqpTOFYSUzc8IO-8upDgEMQOAIpnfLKr7pAyDe-JrOglmPfMARCpbTJCV2GnWetifHFVf8SAMOfOaFyIg2x,Joe Wall,https://lh3.googleusercontent.com/a-/AOh14GiHMv9zdriHtJG1SYd5k9ATMZadUlvXDTgKBg9LUQ,"Its ok, notifications dont work very often.",3,1,2.9.1,2018-12-18 19:43:41,"Thank you for the review.
Could you please share setup of tasks for which notifications don't work?",2018-12-20 11:46:16,most_relevant,com.levor.liferpgtasks
gp:AOqpTOH08QmO7DDamEUNN6A2PQ0w95mthGqA0WyDAVQoPF20vAARDnNSD33yeMe7rzCq_P9WS9EgWTYLQ6Zuhw,Vinutha Lava,https://lh3.googleusercontent.com/-cVLKpDSw3yQ/AAAAAAAAAAI/AAAAAAAAAAA/AMZuuckP-6ebyoIsyz4JCrbZeeHb0HE0Rw/photo.jpg,Good,3,0,1.34.4,2019-11-29 04:20:44,"Hi Vinutha, really glad you're finding my hard work ""Good"". Tasks is a hobby project of mine. All features and support are offered for free without advertising. It has taken hundred of hours to write and simply relies on donations and my spare time to move forward. What would help make my app a 5 star app for you? Thanks for your support, Steve",2019-11-29 09:22:10,newest,com.tasks.android
gp:AOqpTOHktqUFfmysORxP-BHzo2M6kAInV4en02FdIggvOeCIiBRx9O76DWnck5ZELxNBeCpAl8RG1EDm6mvDBA,Anna Edwards,https://lh3.googleusercontent.com/a-/AOh14GjVHZWErWgFn53qzSQDZCSwjpQjbg5KqK9wU6KF,not quite as good as Wunderlist for me... but overall decent and as I need to use this for work now (as wunderlist blocked!) I am trying to get into it broadly. premium features seem quite pricey.,3,0,14.3.1,2019-07-03 21:43:11,,,newest,com.todoist
gp:AOqpTOGymqdRS7R2G2VlVaDJsmzHW1SWBJVZujNOeSHYC29x617ln7iCndYiHywh1zRy1-2q8jCcmvIGkbHsVNo,Vernon Hedrick,https://lh3.googleusercontent.com/a-/AOh14GjOxTD8A01WromsCuFIlYvFUs5c5HlPG1TbHp_-4A,Pretty good app but the continuous nagging to rate it in the Play Store gets annoying in a hurry.,3,0,1.5.11,2020-05-26 21:03:00,,,newest,com.oristats.habitbull
gp:AOqpTOEnmIE4-q0M9PirQf8EkZSMekBHX0Y1mU_jI8joH0WKsr-s92X1HBlJtqTZmemUyVmSKCOa7KDsw3y2zw,Jim Prince,https://lh3.googleusercontent.com/-cAwfmc2k9eM/AAAAAAAAAAI/AAAAAAAAAAA/AMZuucmfgmFjMcM1eMb5NfkBz0i6_eTeiA/photo.jpg,Got it for he to know do of do not do me to my do do an do gone by hi do you do of do is well your name is on the list for the next few days and I will be there at the same time I don't have a whole lot of time to get the kids to the gum Wall Street journal and send it to you when I get home I will send you the link to the video of the puzzle in my room you have for me to get the kids to the gum Wall Street journal and send it to you when I get home I will send you the link to the video of 🤩🤩,3,0,,2020-02-18 00:36:24,"Hi Jim, I'm not 100% sure I understand. This doesn't appear to be a review for my Tasks app. If you need a little help email me (tasks.list.app@gmail.com). Thanks, Steve",2020-02-18 08:08:00,newest,com.tasks.android
gp:AOqpTOFR1MVxj37li6oGzUt2V6-qoOrATGKJL4NgbfWGhVvdcNwEWeC-9OTIaz4vxy9kRyaN-temLMamPCwkSBs,Altaric n a,https://lh3.googleusercontent.com/a-/AOh14Gg1WaoiNv27BQcUBgCYcUql124UvtYro-nxxblP,Now you get a 30sec ad whenever you create a new calendar entry. Still an excellent calendar,3,1,2.37.9,2020-02-16 08:54:28,"Hi, please note that the free version is not ad-free (only the pro version is completely ad-free). However, we are currently working on the possibility to skip ads and try to set all ads from all providers on silent as standard. We hope to integrate it soon.",2020-02-17 08:59:12,newest,com.appgenix.bizcal
gp:AOqpTOHBnn-TXetXfLVvRWhjy4vqVyCh6rkFOZqn5xhttatlj-YJVvrmoivvxDMhW25emc1bwJ_qqdHiybl0oVI,Wazza R,https://lh3.googleusercontent.com/-eF2gUDS2JfA/AAAAAAAAAAI/AAAAAAAAAAA/AMZuuck9gYyIe0qN6EHUNmUJhZ3CroY49w/photo.jpg,After last upgrade widget calendar date not automatically rolling over to next day. Also the widget will not reload when the phone is turned back on.,3,3,2.39.0,2020-05-22 02:55:42,"Hi, have you tried rebooting the device? Is the app allowed to run in the background and auto-start?",2020-05-25 10:27:35,most_relevant,com.appgenix.bizcal
gp:AOqpTOEWbItkIJoGKWCt8lIcSN-JqjpHOgsFGDZvOVqeBzxUol6l_lneu8hL-30i64MRm2ARc2Y_6BeBbAAOgg,Raymond Sanders,https://lh3.googleusercontent.com/-KWW_P9l5fus/AAAAAAAAAAI/AAAAAAAAAAA/AMZuucnWVXnttGSGVbGbCnksr3ZabdL67A/photo.jpg,Still learning to use app.,3,0,5.15,2020-05-15 20:19:48,,,newest,prox.lab.calclock
gp:AOqpTOEXgwunwsrBotCz5ZuCJ4mWCR8M_fduPMJD3uIxPEJ7QcjTodNRr-4jCKPU7h0_GtcOktbV9ENxjmhdzA,Ama Bat,https://lh3.googleusercontent.com/-ALCy8TYfIUE/AAAAAAAAAAI/AAAAAAAAAAA/AMZuucnbSv0eazRB5NUE5nqw7nS6uq4xSQ/photo.jpg,"Quite good app, but recurring tasks which is a basic function doesn't work correctly, thus making the app useless. Even though I impremented all the instructions for Huawei still issue is there.",3,0,2.3.2,2020-04-22 07:11:44,"Hi, apologies you're having an issue. However, this is an issue with your device not Tasks. Huawei add very aggressive power saving to their devices which breaks the standard Android alarm manager functions. Have you tried searching the web, alternatively you could email me with more details. Steve",2020-04-22 07:50:12,most_relevant,com.tasks.android
gp:AOqpTOHwHsujMfiGS-iJRcv9n_HvmL6ibx7KCM_uwy8jtKNMbuRbnSU--eU2SVCN174hN-BjBGUDF0veB4RZ4w8,Rafael Brunello,https://lh3.googleusercontent.com/a-/AOh14GiI4TFYtFZnC43-MfZTujSGX-05Y1LbUiE2amCfm4o,"Lack of experience between platforms, premium purchase not synced very well.. some good points like custom alerts and reminders.",3,0,5.6.0,2020-05-15 23:25:34,,,most_relevant,com.ticktick.task
gp:AOqpTOFh_FQT1r8Q0amh0qf8-iwoGA8Sy7R1bdJHiSmAnfw0RKxjIexcwQYgMM8Ugr_3WtL-UL8tAT6NQb8NIA,Yashasvi Trivedi,https://lh3.googleusercontent.com/a-/AOh14GhvboMjuJoPbfgoZf5iNG5ODi--ql-JE3mN9Pd15Tc,"I'm telling this app used to work just fine and I have been using it since 2017 and it has done wonders in my life.. but since last month this app has stopped working properly and this is for the 5 time I'm downloading it in this month, I have lost all my data, all the progress is gone and its frustrating now.. I hope you fix this problem soon.. thanking you in anticipation..",3,95,4.18.1,2020-07-05 07:09:23,"Hi, please update the app to the latest version. If it isn't solved, for the free version, please email android.support@forestapp.cc. For pro version, please email premium.support@forestapp.cc or go to in-app feedback: go to Settings, enter FAQ, tap on the top-right icon and go to ""contact us"". Please provide screenshots or videos of the problem.",2020-07-06 01:33:25,newest,cc.forestapp
gp:AOqpTOHhuHYJ9jzwqQiEQBXrGuZpUohoBiOCHodXRrnPNDJw0AFAhk7WPIhiO45YYP93LvvVeaQXC9eg7UG_,Gilbert Ochoa,https://lh3.googleusercontent.com/a-/AOh14GhvfTVStHOWsrIfnu0K2Bqau2IXDcXuVEqFB13mJA,"Pretty fun idea, but the widget needs improvement. I always have to insert a new task or refresh the widget in order to see my task",3,0,2.23.0,2020-04-19 17:03:48,,,newest,com.levor.liferpgtasks
gp:AOqpTOEOpO0fxBAXCqYuzMvn0o7rZUaAF2_s84Z3IBMOBaMAwp2sdu-IgoKTCT_6fjTjG30Zgks_QAz11bzKeQ,Sarunrat Hutip,https://lh3.googleusercontent.com/a-/AOh14GigC8s-GRKWBNBi0IjIvfx-qEGb_LmX34mWCVPhXw,"Every second day of usage I can't get into the app, so I have to delete this app and reload.",3,0,4.17.4,2020-06-14 16:20:34,"Hi,
Sorry for the inconvenience. Could you please send the details or screenshots of the problem to android.support@forestapp.cc? We will investigate the problem further. - Forest",2020-06-15 14:32:58,newest,cc.forestapp
gp:AOqpTOH0dvNHqNWlCKzBQNVooNCRvJcvcQI0jMEBmOmGjoW-JuYbTBk0-3WDPrt9C4F5ASPEQgQr9MNSFbtkUBI,Franco Principe,https://lh3.googleusercontent.com/a-/AOh14GhDmtkUYco0OKNZMwEGC-xFdFOrFQQCgWKNG3iINA,"Update 02.04.20. I was using this for a while but I returned to my old task manager of 15 years (updated versions of course). I like this out because it syncs between android and my macbook pro. works a charm. only issue - doesn't handle recurring tasks such as ""recurs on the second tuesday of the month. ..."" etc. simple recurring tasks are fine (every second monday). overall very good. easy to use. Once recurring tasks are implemented completely this will be superior!",3,6,2.14.152,2020-04-02 07:58:56,,,most_relevant,com.microsoft.todos
gp:AOqpTOHJ-uPWqwN2hldLxBVm4EKLHO05HXbAVKYXx-p5EDyNV-q-ktdeUPVb_xZEsTmI4QbebvhaGgOptriJgQ,lalit bhanot,https://lh3.googleusercontent.com/-exawalbNZKs/AAAAAAAAAAI/AAAAAAAABDs/AMZuucnAPsKbC35UEaiPNFW0sJ7nH7dyDA/photo.jpg,I am having a problem in signing in to my pro account,3,1,4.19.2,2020-07-23 05:56:40,"Hi, sorry for the inconvenience, please update the app to the latest version (4.19.2). If it isn't solved, please email premium.support@forestapp.cc or contact us via in-app feedback. Please provide screenshots or videos of the problem and your Forest account details.",2020-07-20 00:50:21,newest,cc.forestapp
gp:AOqpTOEy2MgzvwCU_wqqibaGvpyGBRVW3fTpZaocmNr0NUcVSx0JvhX17-ZxI-1hCxMBmH1IITX_Z77dNf_qfg,jessica lynn,https://lh3.googleusercontent.com/a-/AOh14GgpUG67FNeXaEC5KPOA6xCAvyXoNxR9XsJ0VBV50A,"Like everything about the app except, my events kept disappearing. I would enter an event and one would disappear.",3,0,,2018-11-29 17:37:52,,,newest,com.appxy.planner
gp:AOqpTOH5Lk3C66eJnIAopzQPx44TfxXXRy8DGhAyQRYETxDd4T7E-HpQ0MinfPz7IkRHGPQwq3hkNCdA8RSwSg,Md. Imamul Arefin,https://lh3.googleusercontent.com/a-/AOh14Gh6PpSHSUs70nrSbl3aqYExh7ru0CK82myrxPX0Bw,The problem is the phone is not ringing even though Ring is turned on. Output is given Alarm Volume. Yet Its not ringing..,3,0,2.6.1,2019-05-06 13:42:18,Hi Imamul. Remember that Xiaomi devices block notifications by default when the screen is off. You can find instructions for Xiaomi here: https://timetune.help/en/troubleshooting/#brands,2019-05-06 14:38:53,most_relevant,com.gmail.jmartindev.timetune
gp:AOqpTOGWxOWAX72BTUnkIjxKB1FG32Jk8wZTMztH_JGgb7Jsg0trJKtNBTnrRlRGf_jwoDriSCTBpUc4TbblBg,Johna G.,https://lh3.googleusercontent.com/a-/AOh14GgL8w-5FyJXm6cbKMU-alXyDBI5q1Bz47ODZs8O,"Nice looking app with good user interface. The ability to check off daily tasks, add goals with subtasks & note taking capability would be perfect.",3,0,,2020-06-07 04:31:48,"Hi, thanks for your suggestions 👍 The app is still growing but we'll be adding more improvements progressively 🙂",2020-06-07 07:54:40,most_relevant,com.gmail.jmartindev.timetune
gp:AOqpTOEiU6vR8sxbZkKCKwGU34fm3UXsJJa6AhTHlRcAJ6ddyyO5_XSWlObNz1iWjQykvHtHTyQKOHoIs5aHDw,Kuah hooi Boon,https://lh3.googleusercontent.com/-cscp_G0K9V4/AAAAAAAAAAI/AAAAAAAAAAA/AMZuucnHQt3GBlEceMZagrlNjVdzfSa6CA/photo.jpg,"Its a good app to use for studying, but after using it for two hours, it sent me out of the app. Then, if i click the app, it wont let me in. I have tried downlaoding it three time but it doesnt work.. Please try to fix it..",3,0,,2020-06-29 04:33:51,"Hi, please make sure that you have updated the app to the latest version 438 (4.18.0). If the problem still exists, please
contact us by emailing to android.support@forestapp.cc or via in-app feedback system for us to assist you further.
Please provide details (for example, screenshots or videos) of the problem if you can. Thank you! -Forest",2020-06-30 00:56:14,newest,cc.forestapp
gp:AOqpTOF4T2Z5L0S1UdPJBmSPxIV7JwZEddkHdVUmc4goTunKpy6FVnlWrTrTGXq0JfckmU18bEXWO-gQSmxT2g,Vape Mill,https://lh3.googleusercontent.com/a-/AOh14GgdeSNbE32k4RSQNV0Dj6thzBe6BNL6JV9Uj8mO,"Awesome. I upgraded to support 2 requests to get 5stars. 1) i need a move back option,if my 12 oclock runs late i need to push all the other tasks that day back by x minutes. 2) option to automatic cloud backup OR sync data from timetune to calendar",3,0,,2020-06-08 22:09:11,"Hi, thanks for your suggestions. The app is still evolving but we'll be adding more improvements progressively.",2020-06-08 22:23:19,newest,com.gmail.jmartindev.timetune
gp:AOqpTOEN4SQt4NW7z6I52RzFYJ3C-3mrJyaj2sGtOxdA9ig0BuxoYTKjcKP39yLew7ZbztQxJNbRTeizdZXw6g,Ben Garzy,https://lh3.googleusercontent.com/a-/AOh14GgBHA7UVfUK_qqJkl052IoyKiowwdgpP1y7GJI8,It's kinda cool but the alarm icon disappear immediately the app is closed and therefore do not show notification when the time set is due.,3,0,2.10,2020-05-25 13:25:54,"Hi, that happens because the device's battery settings are blocking the app. You can see how to solve it here 👉 https://dontkillmyapp.com/ 👉 https://timetune.help/en/troubleshooting/ 👉 https://www.undoze.com/a/soundprofile",2020-05-25 17:16:31,most_relevant,com.gmail.jmartindev.timetune
gp:AOqpTOGJtmwJZeL9qmCof4EHWQWTR6FDckgopjuMRQAIlbmVE2Haganxpi7lAsX1rTv7uQVh14MFYQe4_QGpEQ,April H,https://lh3.googleusercontent.com/a-/AOh14GjLjyScGZp2XMfQDj6vaCKb099fGfAcEUCYixkE,Widget doesn't work,3,1,5.12.1,2019-10-24 03:43:05,"Hello.  Please email me at 27applab@gmail.com, I will help",2019-10-24 10:13:06,most_relevant,prox.lab.calclock
gp:AOqpTOFXMDweY0FzWuQhXCJcLZ_YtN-VwwAzVlSm7dBgi1UeOWUce78JR5lNMYpk2gvGFBpGwx44ij4AXZvEGA,Osasenaga Omoruyi,https://lh3.googleusercontent.com/-mam1xNbFqOc/AAAAAAAAAAI/AAAAAAAAAAA/AMZuucnUr-v_Ap_O8jG5fBs_DgtavbZydg/photo.jpg,"I cant use this app cause anytime i plant a tree and i come back to plant another one it show ""unfortunatly forest has stopped working",3,0,,2020-07-25 19:04:45,"Hi, sorry for the inconvenience, please update the app to the latest version (4.20.1). If it isn't solved, for the free version, please email android.support@forestapp.cc. For pro version, please email premium.support@forestapp.cc or contact us via in-app feedback. Please provide screenshots or videos of the problem and your Forest account details.",2020-07-26 08:38:20,newest,cc.forestapp
gp:AOqpTOFktecTZkZy9adNt1XFsTl_i2-tAi3O7yNQqnq-LUYLvHC16hBM3scG3fifww0dd2iRLh0yu8YeAtssYw,Courtney Mccullough,https://lh3.googleusercontent.com/a-/AOh14Gh841BWqNqF8tXRrK3d99zG5ltwU47s8NRL02H_,"I love lists, and I really love this easy to use app, however I also love making notes to myself of a *lengthy* nature (usually when I'm trying to go to sleep), like my thoughts on a subject or what Id like to talk about to a friend, it would be amazing if there was a blank note page or lined page without all the Frills of *dates and times and priority and complete* to compete with my eyes. I dislike having to have multiple apps for same basic function. I'd chose this over all others. 👍",3,0,1.23,2019-01-15 13:28:17,"Hi Courtney, really glad you like my app.  Tasks is a community driven hobby project of mine with the most popular suggestions added over time.  It relies on donations and my spare time to move the project forward.  Maybe you could contact me directly so I may understand your suggestion fully.  Thanks, Steve",2019-01-15 14:28:53,most_relevant,com.tasks.android
gp:AOqpTOGL7wjO7hPUrhCuz-EBwiAtRV3pQIczlAtmyh0ujm1VrJKBC7Welsq9ouSHOTuVpZxUwMz7KPN7FxE_vQ,Ravi Koundinya V V P,https://lh3.googleusercontent.com/a-/AOh14GgPb4mmK8GBcLheE1tdDTSN2mZU7KHG1CCxY88T,"A very interesting idea. I would give 5 stars, but there are minor bugs in the apps. I can't choose my user name, it says there are all taken. (I'm sure No one else would use it) and I cant add a daily task. It shows an error when I try to add one. ""is not the enum for frequency "" or something similar. please fix this, I really love this idea.",3,6,1.7.1,2019-02-17 09:30:27,"Hi Ravi, thanks for your review and sorry to hear about the trouble! If you send us a direct report via Menu - About - Report a Bug, we'll certainly look into the issues you mentioned.",2019-02-20 23:37:06,most_relevant,com.habitrpg.android.habitica
gp:AOqpTOEUBtqEXwt6dsVYOBX1fxKf_sor2ANGb0Ai8yKHkjVjW-QJ21uAL4pCuAZyd7jWwtaZWFpkdVrf7qYWsQ,A Google user,https://lh3.googleusercontent.com/EGemoI2NTXmTsBVtJqk8jxF9rh8ApRWfsIMQSt2uE4OcpQqbFu7f7NbTK05lx80nuSijCz7sc3a277R67g,"Really hard to read when you have overlapping calendar items, which is a shame as the concept of a circular 'clock' calendar is a good one.",3,0,,2018-01-03 19:57:18,,,newest,prox.lab.calclock
gp:AOqpTOEYrhQViavxzM0PSVFRGIen9KsKIBs90xW8ENfOE23yCu4y9ffkc7bpwqF62bl7T8C62N_F5gPEGQO_q5Y,M,https://lh3.googleusercontent.com/a-/AOh14GgVJksP6cIa7WMbJ4lVia7LzVnfvZCP0Krd1P7snA,Has trouble syncing Google calendar. Not all events show up even after clicking sync now. Also tried hiding and un hiding calender but still doesn't sync.,3,1,2.35.1,2019-08-07 13:55:40,"Does the stock cal. have the same problem? If so, it might be a general sync problem and it helps to remove and re-add the account for sync in Android OS Settings - Accounts & Sync. 

Please remember that BC doesn't have its own sync abilities and uses only those provided by Android. Therefore it can't be responsible for sync issues on your device.",2019-08-08 11:21:14,most_relevant,com.appgenix.bizcal
gp:AOqpTOGKrz9Xf0PEExNNtTiMh8WgcTVetZfAZLqWXfp4-nTzHFrZynpg1UBQkpR1IMjbUpea1UDKZMFnpczh,Vassilis Kanavos,https://lh3.googleusercontent.com/a-/AOh14Gjv2HnIrEQ-QSYeUJqCRXzgDivPUGN6Xk2NbtFS1A,"Very interesting concept but it's extremely time consuming to setup and add all the content you need. Also being able to edit everything and choose the rewards freely kinda looses it's purpose. I understand some people might like the feature, but I personally do not. Overall, great app if you have the time to set it up and get familiar with it.",3,2,2.15.1,2019-07-14 22:22:52,"Thanks for review!
We are trying to create as much flexible app as it is possibly, but unfortunately it comes at cost of increased difficulty and time to set everything up.",2019-07-23 10:14:50,most_relevant,com.levor.liferpgtasks
gp:AOqpTOHNJTCpsticDudkJxiyL-PNbZqKryTLS0wJcM4qnWJo4TFVmA3qrtVL7UfupDFA8947OJsWkMvIKZXQnwg,The Weston Home,https://lh3.googleusercontent.com/-_TRDCSda01E/AAAAAAAAAAI/AAAAAAAAAAA/AMZuuckawwkW1WwyW8FMt2aoO_gv1a9aJg/photo.jpg,"Good function, weird execution. The program works great, but it has weird way of reminding the user of the habit. like saying Hey, tiger"" its just weird",3,0,,2019-05-27 13:29:20,,,most_relevant,com.oristats.habitbull
gp:AOqpTOE5wJDH0CwZV_XZtuI9-LQtuYhSmomvzjIpdN0EeHMjYcBxZQAWpX9DP-qGjxAHWtkSkvLEM-exV1Iv2g,A Google user,https://lh3.googleusercontent.com/EGemoI2NTXmTsBVtJqk8jxF9rh8ApRWfsIMQSt2uE4OcpQqbFu7f7NbTK05lx80nuSijCz7sc3a277R67g,"Great app BUT it takes away access to your data after a while unless you grant full access to email addresses/google acct/ everything. Fair enough request, but not by holding data to ransom. Either that or its been compromised by malware, but I don't think so",3,6,4.16.5.0,2020-02-15 11:50:28,Any.do requires user to setup accounts under a user name and password for years now. We do not block access at any point as this data always remains under the account the user initially created.,2020-02-16 11:34:06,newest,com.anydo
gp:AOqpTOEbJX9m_adu-F0qb-6VlMrgg5fJ0y16c9o22wlV6fe5nHzPwo00_XBJ1G-n1IYrzMamLbfcihkNC82-kg,Leo Ba,https://lh3.googleusercontent.com/a-/AOh14Gi0AmESK1pGBtGPsbb9sWGru8xLizvEApcfZj9rjQ,Why too many steps to remove a project?,3,0,15.6.0,2020-05-13 04:42:23,,,newest,com.todoist
gp:AOqpTOFkKYOZqR33uyK4xNa1o_-G97fTn1TdrG8qUhrtcM7d88nKp55uKryd1SIGcWSn9iVkGS4gYx5sbhQp6w,Mohamed Magdy,https://lh3.googleusercontent.com/-P4eXfKKlWXw/AAAAAAAAAAI/AAAAAAAAAAA/AMZuucmCg1DpmJOzC16dJocGjeDnaLs6wQ/photo.jpg,Hard to use Edit: after your polite replay i edited my review from one star to 3 stars still find it hard to use.. good app don't require to read a manual to use it. It should be user friendly and clear thanks any way,3,0,2.3.4,2018-01-21 11:10:57,"Thank you very much for giving more details, Mohamed. We'll be adding more improvements progressively.",2018-01-21 16:11:08,most_relevant,com.gmail.jmartindev.timetune
gp:AOqpTOHyJEvcQ64VV5UYeTqExkcs6VjVJGw_iVb3fQRot-3UsGJQnQpqyzlgKFAVVRBIeSH4v-sDlkPR2bvbqw,Kirigaya Kazuto,https://lh3.googleusercontent.com/-9DEnNTYoYbI/AAAAAAAAAAI/AAAAAAAAAAA/AMZuucnPR80977YAVyexza1Zo73poPD3Pw/photo.jpg,"Reduced one star because there is a pro version..5 stars rated when there is another pros version?? It cant be, right? Reduced for another star because i suggest that you should have a 'pause session', check it out from the study bunny.",3,1,4.15.0,2020-04-01 15:22:00,"Hi,
Sorry for the inconvenience. Could you please send the details or the screenshots of the problem to android.support@forestapp.cc? We will investigate the problem further.
- Forest",2020-04-06 19:02:24,most_relevant,cc.forestapp
gp:AOqpTOEhXpG72iIIC-cuj9nlRPTqfI8osOXjaWeR3ymVcGfgy4_lmZ_phrgF0Z4gfqcis0jI_P_Pfs_AZXaQvBc,Harris Kunakira,https://lh3.googleusercontent.com/a-/AOh14GgbtVq08Lz1VJDEyyy_vlTgcLB7dMrOAHJyrvkCYQ,the app and widɡet are very ɡood. Will change to 5 start when I can be able to add task using google assistant.,3,0,5.2.1,2019-09-05 13:18:29,,,newest,com.ticktick.task
gp:AOqpTOE79t6qtpOCBCNnstaER8ElMg4YsZx84ntiOr1crkSR__7LaBzOsM6I9TQpWZCRgCXi_EVRfyPGYCDz_Q,Así lo veo yo / This Is How I See It,https://lh3.googleusercontent.com/a-/AOh14GgljBQNm3lGIDrE9e5ZYKJiGo7h9PvmsxuzEPt6cA,I love the design and the app in general. I would give it 5 stars if it would allow to size the image and the information displayed.,3,1,5.12.1,2019-10-11 18:40:26,Hello.  You can resize the home screen widget.  Long press on the widget and drag it to the desired size.,2019-10-11 22:05:26,most_relevant,prox.lab.calclock
gp:AOqpTOHCwncK-rJLlPLt7kGaDLAr795kPmE71MUfKLqUrifH0hn4U4wpAxJdxjJZCeWxJ0LDy1H7ZLVOPsq6,Алексей Афонькин,https://lh3.googleusercontent.com/-qF1LDiSW1Dg/AAAAAAAAAAI/AAAAAAAAAAA/AMZuuclQecIFqBrX-rpBXaDfHY0BDxeOjg/photo.jpg,"A lot of bugs, low range of choose and opportunities.",3,0,2.24.0,2020-06-11 10:26:58,Thank you for downloading our app. We'd love to help you with the issues that you encountered. Please write to us at liferpgtasks@gmail.com so that we can help you better.,2020-06-11 13:34:17,newest,com.levor.liferpgtasks
gp:AOqpTOFpZSFJ3X6m6wN8p7SSlQH6IVhgs-f3YRtC1rUyirN7L48m9ioOx5qgwbGqhxzSuKWno4rdm3TCY3GnxQ,Anjali Patwa,https://lh3.googleusercontent.com/a-/AOh14GhfUJ7qbCQgakU23XVr2qXLmatO731L1k6VtkbA,This app is so good for focus on your study .👍,3,0,4.18.1,2020-07-02 09:48:51,"Hi,
Thank you for the rating! Don't hesitate to give us a positive review if you enjoy the app. :)
- Forest",2020-07-03 01:01:59,newest,cc.forestapp
gp:AOqpTOHKWSzFsGybU3H25ZoQ90dByl7ms3eKiJbp88lRrvUcF1eqSan8Za3sNII1iZ9A-LQ01grh4-y63zNfOxg,Umesh Savani,https://lh3.googleusercontent.com/a-/AOh14GhMB-xYw4aSrozY6DLST7lHJgMpBnKnweGbB-_1,Need calender view also,3,0,2.19.160,2020-06-10 12:43:04,,,newest,com.microsoft.todos
gp:AOqpTOExGeMTpForeUXMGJ-ivW0UmNeFRw6togtKkZAJkyopa_5b5Cuvr5CbRSLaJgRQZheyjLNZxj1yz_XNlg,redsun selassie,https://lh3.googleusercontent.com/a-/AOh14Ghq0oUP6aotAsD69nP0t0l2M_mkRTD2jYzdyOOW,its ok,3,0,5.10.3,2019-05-16 13:11:15,,,newest,prox.lab.calclock
gp:AOqpTOGgg_IyyRScf-iIGL4CEB3xwH-WagCODGeiRJa0qAu4LooWwYHylus8H_SDz060cdMzEYlB0BgZXLsKzw,eletronic designer,https://lh3.googleusercontent.com/a-/AOh14GiktN91hh89rO8jfAw-8wAmALIzd5wJKlaRHwMw,Paid dark theme. Im going behind another app,3,1,4.16.6.2,2020-02-19 17:48:51,Thanks for the feedback! We will be introducing a free dark mode in the upcoming months.,2020-02-23 12:44:08,newest,com.anydo
gp:AOqpTOHAF56xdPBpiljC3-7Kz4zrBspGMhROcUFELcFKOLeNCEwwou5c7IY0n17l6_4MHg9cCpYtTSiRCgljTT8,Phoenix -The Legend,https://lh3.googleusercontent.com/a-/AOh14GhIYba8weuVzTqi6NIKIgbomoOCRUosO-I-mjEpMw,It's a good app but needs internet connection all the time for reminder. If only it was offline.,3,0,2.19.160,2020-06-07 09:53:58,,,newest,com.microsoft.todos
gp:AOqpTOGa2bvCOmhpWc6Sd9P2pVQ1L3Pp_dJJt4Cpm3js7GaR4X4WbF1F7tmAbIyPHqULs92jwFstqkQ1jCkh_6o,johnny red,https://lh3.googleusercontent.com/-n8gDRBALS9Y/AAAAAAAAAAI/AAAAAAAAAAA/AMZuucll_8gnroKQDU4kZNit-KCnG64hHA/photo.jpg,promo focus notification not working properly and will stop cycling through promo and break randomly,3,0,5.7.0,2020-05-23 17:40:36,"Hi, can you please update to our latest release. Please contact us at support@ticktick.com if the issue persists. Thanks.",2020-05-25 05:14:16,newest,com.ticktick.task
gp:AOqpTOEKLK-_-UbQecaV3hYE1vbGaDKmSmI7Pn4N_ObADu0kBa1YhZZILzo8qs1Zd4KAFOMuDxrrL9UfTvlVnQ,Benjamin Morehead,https://lh3.googleusercontent.com/-4w9DdpKZn-g/AAAAAAAAAAI/AAAAAAAAAAA/AMZuucmCycS6Zgai2g88aFjbbAOQ1NMfZg/photo.jpg,"This app is a great idea and I love all the features. However, no matter what I set the day start time to for daily tasks to reset, they keep resetting at some seemingly random point in the middle of the day despite me having it at 2AM, which is causing all of my evening tasks and some of my midday tasks to fail as I haven't done them yet. I'm not sure if the app thinks I'm in a different time zone or what but it's very irritating. If they fix that it's 5 stars for sure.",3,3,1.7,2019-01-21 03:33:20,,,most_relevant,com.habitrpg.android.habitica
gp:AOqpTOGX-FshFmiZ5MDZSyWmdyoJkgi20Id6ZhQt_Gnl9Tk_APHZ0J8EequloXVXc_Th6fiKBPGbbELwlvRs51I,Ronen Rozner,https://lh3.googleusercontent.com/a-/AOh14GhDnZTVFJiP1A3Jf8LUmJZsnm1UN-VHwMhe26bW,some privacy please? why do you millennials think everything needs to be shared? why can't I keep my activity private without sharing with entire world?,3,0,,2019-05-05 16:42:58,,,most_relevant,com.oristats.habitbull
gp:AOqpTOHPCPckPi1f5NE2H07hgUOx-3F1W8nkXapDhWODf9k7kRMPMruM6X6zSZX10GqXhgr6_jRVLcDFHP9VMc8,Janine Hoffart,https://lh3.googleusercontent.com/a-/AOh14GiJCJS4fgMo1H0XvTFwHDJLYHU849ul6FRI8FAwnw,"I wish I could delete things that automatically show up in my calendar, things like holidays in other countries etc., I don't want ""everything"" showing up that really doesn't pertain to me. If there is a way, I haven't found it!",3,0,2.35.1,2019-09-11 16:57:41,"Hi, you can do it in calendars & task lists - pencil icon - bin icon.",2019-09-16 13:50:35,newest,com.appgenix.bizcal
gp:AOqpTOEr26XF33cDU9nHemWaoHtY74OpFsIxnPekcM0-AlH1H-ZE7SCHfN9dfvDfV48Qq9k_lHgejojYOqtzBKU,ARP,https://lh3.googleusercontent.com/a-/AOh14GjHcgo8VnB7UYH7uY2HXLvwDXE0P5sq2GkZLfxVWw,No sound in reminders. Just vibration. How can i fix it?,3,0,,2019-02-04 21:20:36,,,newest,com.oristats.habitbull
gp:AOqpTOHda8VhlY3dvIxvftlIAIXooKgnoSNf4ThT6X4bdfpH4meGaT0lxmZE3lkmTqxreBhCtwZdo3GeStDAmTo,Timo Kokkinen,https://lh3.googleusercontent.com/a-/AOh14GjG00Dj-Pcp9OH3wA4x9c4v-ElPWkNd1z83Ab0BLg,"In general, the app is confusing. Repeating tasks work for some time and then stop working. I have not found any clear logic behind this. The same problem was with wunderlist. Not recommended.",2,0,2.19.160,2020-06-09 20:06:40,,,newest,com.microsoft.todos
gp:AOqpTOE4mNQeIp8uUoOZi_SG0LEyoTV7hFgYz4uGjrmUIMCG0OiR1j_1BCcPhyPWzD-2cqk0wQw5b7EW7FFTsQ,Cheryl Parker,https://lh3.googleusercontent.com/a-/AOh14Ggx4SxldFa5RqBQATGuTckL2ayH3M68CYLZemRP,"Was fine until the last couple of days when the layout turned squirrelly on my Android tablet.  Seems okay on my smart phone.  Still, I will not purchase full version unless the version for my tablet goes back to matching the screen layout on my cell.",2,22,4.4.1,2018-03-29 02:34:04,,,newest,com.appxy.planner
gp:AOqpTOFC1AO_44hNcFOqb11SA3V_1wrstxo3QrbdHDmNScYnILBypvkSetYE3bl3izphWLXHOIg6XLknNkmzEQ,Lucy F,https://lh3.googleusercontent.com/-nBfEr2ZkoNs/AAAAAAAAAAI/AAAAAAAAAAA/AMZuuclLIoEjXx3XbKqt9kARSMPNYaf_GA/photo.jpg,"I used to love this app and used the whitelist feature all the time so I could study PDFs on my phone. I redownloaded it recently and discovered they now put the whitelist feature behind a paywall, which basically defeats the purpose of the app for me, still a good concept but that was a big downgrade",2,3,4.18.0,2020-06-26 03:37:29,"Hi,
Sorry for the inconvenience. As independent developers, we don't take any investment from venture capitalist. and thus we have to strive hard for the operation of Forest. To provide better and stable service and for the long-term product plan, we need to charge for the features in the Pro version. We kindly ask for your understanding.
- Forest",2020-06-26 12:27:25,most_relevant,cc.forestapp
gp:AOqpTOH3ka0EGtvNy5yVA1-WFPB_7nWy55p2Sr7piwtsNTKXZd3dIbHdJGAhBW9LRiuHynhjkfyFWtzgOtKkCA,Arshad Usmani,https://lh3.googleusercontent.com/a-/AOh14GiDpN2HS1ma7mIEuOqPHbgFFPo3IYMTo1Ner4mmRQ,foolish app. steals data. doesn't have anything of itself. takes everything from Google calendar,1,0,,2019-07-28 23:59:42,"If you had read the description before installation, then the fact that the application for visualizing a round chart uses Google calendar events would not be news for you.
About data steals - defamation.
Read to start the privacy policy of the application http://sectograph.com/privacy",2019-07-29 03:29:45,most_relevant,prox.lab.calclock
gp:AOqpTOGsFeuPdAht5CXbCAbPv_lmt6ub8Gz97J_Zl4nplfaZhCBOLCcOupH_n_SI24IFvocXy4zE6iX5sGsANg,Manda Moo,https://lh3.googleusercontent.com/-qiUqN3htPP8/AAAAAAAAAAI/AAAAAAAAAAA/AMZuucmZpYjmO417gEFeS1b6aY_Xd4Lk9Q/photo.jpg,"Wasn't sure to begin with, as it's not all that user friendly... but how frustrating to take a chance anyway & pay for premium only to have it NOT sync with my Calendars....! Wasn't really any other reason to pay for premium except that.... What a small waste of money; it's of no use to me now! 😒",2,3,2.5.1,2018-11-29 09:15:51,"Hi, about your questions: 1) If you need it, there's a 'Getting started' guide on the help section (https://timetune.center/android-help/). 2) For the moment the calendar sync is from Google Calendar to TimeTune, we'd like to make it both ways in the future. 3) If you need a refund please contact by email, we don't want anybody to waste their money",2018-11-29 09:25:42,most_relevant,com.gmail.jmartindev.timetune
gp:AOqpTOHnEb9muexar_jJpmE2ohnyfjyW1jsPjqs2Uc2pZEoXVIhnMByfhEKm6FBOJDkXztJNoF0ux4shwTafSQ,Mutyala Jacob santosh,https://lh3.googleusercontent.com/-qiVIE4K-lE4/AAAAAAAAAAI/AAAAAAAAAAA/AMZuucnAcEFHCjDeyNijyZlZiyJmaeDHaA/photo.jpg,This app is not working in my phone samsung galaxy m31 Can you please fix it,1,0,4.17.4,2020-07-22 05:33:21,"Hi, sorry for the inconvenience, please update the app to the latest version (4.19.2). If it isn't solved, for the free version, please email android.support@forestapp.cc. For pro version, please email premium.support@forestapp.cc or contact us via in-app feedback. Please provide screenshots or videos of the problem and your Forest account details.",2020-07-23 00:56:48,newest,cc.forestapp
gp:AOqpTOHsit0k4M1FOYgQAOB8HRcVtug8FNXDVsl_dicaw10ee5szSa5WOmK0yW3cW0w9f2wijCWwcovBpkjR1Q,Alex Qxi,https://lh3.googleusercontent.com/a-/AOh14GgdGdwCNvNbKnyJDmpXeMlwkmNue9bSE2QgNhyV3Q,"(edit) Been using it for a while occasionally and every time it feels like a hassle to find what I need to reach within the app.. I only use the routines, no events or reminders, I have a separate app for that, Google Assistant wit a calendar. To add a change to one day it requires a lot of clicking to amend it.. I end up writing down the rest of the day tasks on paper, deleting, amending the times and adding them manually with the new times.. That's counterproductive. I need an easy way to move",2,3,2.6.1,2019-05-22 05:33:16,"Thank you very much for your feedback, Alex. We're evaluating different possibilities for that.",2019-05-22 07:14:54,newest,com.gmail.jmartindev.timetune
gp:AOqpTOHc9av6NpekVlkVIsBC71Hbp6O9ytNgKOhRLj9WarNddgTz8mL1S86gEABVdyVgYcU1yyqoGPqsR1F-Cw,anastasia becks,https://lh3.googleusercontent.com/a-/AOh14GhA-mN3LHdVo1R_2LwcDZ5VpbJRxz6nJgkbrMzkOA,Not user-friendly,2,2,1.7,2019-01-30 07:32:53,,,newest,com.habitrpg.android.habitica
gp:AOqpTOHzuXADM0DamthK1qIgvZslN4x_E-dUOhdA_P7mhI241HO5XSdcgsVbA42aRvHk_T1rojtWMJmfzuMObwE,rein,https://lh3.googleusercontent.com/a-/AOh14Giy92-a0fqBkCkVvbGLtfQg_IqqpmG6b9S1X5x2gA,Now when I get a reminder it wakes up the screen to display the notification. There's no way to change this. Edit: reminder pop-ups is already switch OFF.,2,1,5.3.1,2019-11-06 02:30:47,Hey! Could you please go to Settings &gt; Sounds & Notifications &gt; Reminder Pop-ups &gt; No pop-ups?,2019-11-06 01:28:50,most_relevant,com.ticktick.task
gp:AOqpTOE7-_CrUN80V21UD7q_HYtTyOEHW1z7KPT3Pwsme_hgWNdPp-XI1ztGDZpO2ivMHwg6GyIIYq6cPzFeGQ,HOENY MOON,https://lh3.googleusercontent.com/-ppNqyVBx70U/AAAAAAAAAAI/AAAAAAAAAAA/AMZuucm_03ognLm2QK6hUtBdI37MOmRTQg/photo.jpg,فوق کیری,1,0,,2020-07-21 12:27:29,"Hi, sorry if there is any inconvenience caused, is there anything that we can help you with? -Forest",2020-07-22 01:34:35,newest,cc.forestapp
gp:AOqpTOHoyxfED2BYdj3XapdQoxZn92ydhIBkWuArA-aRk3MVZahHxdGIoSsTcXnTnTpGSnUReXj4YzjzP1FHpw,Dr.SADANAND GIRI,https://lh3.googleusercontent.com/a-/AOh14GjYgF5evMh4hYMVSQABHMJaWZWdlU3MYb4Nqvkt,You have to sign in to use,1,0,5.1.1.13,2020-06-07 07:19:54,"The app is account-based for years now, in order to sync and save all tasks on our servers - making sure that all information is available 24/7 across all platforms. For further assistance, feel free to contact us- https://www.any.do/contact_form",2020-06-08 07:17:10,newest,com.anydo
gp:AOqpTOG9sQRfo5jIMKwyPxvPLy4kxo0N7MO8V7Sj_jX2DM_VjtKZHwF1Poc3cQVIcK0RFUyxT4_PwgcJpE0tqQ,Evan Bailey,https://lh3.googleusercontent.com/a-/AOh14GgbznIN7jLeK16FW2wdiQs8SRFg9iJjeMOoUlxe89Y,"This seems like a fun idea, and was recommended to me as especially helpful for people with ADHD, so I was intrigued. Unfortunately, I have encountered a bug where when I get to the screen where I choose my screen name and username, I cannot press the next button after filling out the name and username. Then, when I exit the app and go back to it, it's the default character and I cannot customise it/my account.",1,10,1.6.1,2018-12-24 18:51:52,,,most_relevant,com.habitrpg.android.habitica
gp:AOqpTOG-f40KPhlSzWfucnHiJQjzhJONZFWFhJCpABfv5eeO2Tq8Lzkq04KN__i77PyCI2DOKgp-ouRvZSn3J5U,Sandy J,https://lh3.googleusercontent.com/a-/AOh14Gg6x04BGNBVggoU0R-o1w20SpSiA3JmZ7ouAyKSNQ,New update causing app to freeze. Pls correct it immediately.,2,0,5.8.0,2020-08-02 11:37:01,"Hi there, Sorry for the trouble. The devs have tried to fix this issue, could you please download and install this apk file, and see if TickTick is able to work properly? https://drive.google.com/file/d/1EGmYgKuUFc1yyyALt6Gs1Cl-lCSmw-IM/view?usp=sharing",2020-08-03 02:04:27,most_relevant,com.ticktick.task
gp:AOqpTOGn8Moo0cYxN79p8oP3qGRU-F07CpAtzqJEZlVsuOy22E7rS4UwucbINDxN-BB_h7A36uSmJouqZAuRnw,vinod jaiswal,https://lh3.googleusercontent.com/-4SowsXqOkg4/AAAAAAAAAAI/AAAAAAAAAAA/AMZuucnhbgIdaiNPw6Wo4RMCdFnQlkuXYw/photo.jpg,I cant Register on this app. It always says 'server connection lost '.,1,1,2.6.2,2020-06-03 04:31:40,"Hi Vinod, you may have run into some server issues we had at the time you posted- let us know if you're still having trouble via Menu- About -Report a Bug and the team will look into it.",2020-06-13 00:07:11,most_relevant,com.habitrpg.android.habitica
gp:AOqpTOFlisLFq_wGAYXemoGw_RKhYooX34bZDZZZTOzR6MLToB7cKapYeBy5qVKf0WcxgtB1Vm7xnSTmcT2ZFg,Brea Gacy,https://lh3.googleusercontent.com/-fq5eqRqEyyU/AAAAAAAAAAI/AAAAAAAAAAA/AMZuucn6aNsFZkMublH64w5cegRpmp2Nug/photo.jpg,"Eh. it's mediocre and really doesn't do anything your calendar app on your phone doesn't already do. I liked using the month widget until it just decided, on Jan 29, that the month of February no loger existed. I tried to look ahead to the month of Feb to see a preview from the widget but it kept going fron Jan to March. The only way to view Feb in the widget was to change the date to Feb in my phone. just went back to my phone's calendar app. Uninstalling.",2,7,4.5.4,2019-01-30 05:40:53,,,most_relevant,com.appxy.planner
gp:AOqpTOHPe3EKFfUWX8olm7pzsZq5kbygX3r2KWcYJafTdx3uSGIRtsn4dby7odAAGC2-E9tBeNlNkrIihuCGIg,Binod Shukla,https://lh3.googleusercontent.com/a-/AOh14Ghw_CKXWEP20ZmNHAHr2AOzaL5EaUWBchPd3AT5rzU,after reinstall data not recover while take backup Google Drive,2,0,4.5.4,2019-01-20 08:32:31,,,newest,com.appxy.planner
gp:AOqpTOGAk4hYxlr1Pv43KdSnYeVjw7OuhQXvdD5Mw4OiaM1FOWw9BMImsZ2VunF-Tl72pneHnknOwYskCQgfhg,Derek Soutiea,https://lh3.googleusercontent.com/a-/AOh14GiV4fIhwGoacbwI0KyMA-FIHhhESN8f_4teyHygWg,"Now hold on. I paid for the ""premium version"" a couple years ago for ad-free use. Decide to update the app for once and suddenly that's gone?",1,0,5.0.2,2020-07-01 23:13:00,"Hi, please contact us at planner.a@appxy.com, we'll help to figure it out asap.",2020-07-02 00:31:25,newest,com.appxy.planner
gp:AOqpTOEfz9eE_OS2ukX3qESQRltQlUxpfJhonL2tyUEjrmD9pJaTUkhS48C6NLo5YI0I6uQ-N8-yfp32AIuWQZo,Pallav Chaudhari,https://lh3.googleusercontent.com/a-/AOh14GiBbv_4xlZHOi3-ZDtOU8fW1TkIELwebCmaYPiK-g,Can login with facebook because there is an issue with login implementation. Uninstalling,2,0,1.5.11,2020-06-04 09:33:26,,,most_relevant,com.oristats.habitbull
gp:AOqpTOFRndrs6-wwOIM38AbGC9V7Y4hlc5_M84etYiqr6nh96FcrpSUOyPrE36Nh_K4r8rfthqOYZd2x6jZk,Serenity Eterna,https://lh3.googleusercontent.com/a-/AOh14Gho2CCvW-KZjcFw8Ozw1Xxn-d-HSsU96KMUjTEyR8s,"Enough with the pop-up ads! I don't mind if an app has ads, but if I'm going to be interrupted by a 15 second video every 5 seconds while I'm checking off my list I'm deleting your app. And no, I'm not going to subscribe just because you keep popping up the subscription page. If I have to pay to make the app decently usable, you may as well require I pay for it to begin with.",1,8,,2019-06-28 03:36:58,"We are sorry for this, but to continue work on this app we need revenue from ads. If you don't want to see the ads you can purchase the subscription. We'll also review and decrease ads quantity. Thanks for your understanding!",2019-07-05 05:58:44,newest,com.levor.liferpgtasks
gp:AOqpTOHkv85sr3ndMJWW_J7sHOKi_ytY_CUZuyxra6Ze8enx4sXpSngHndb6ZS8YS8gLcu-82Sww0d_91Cd5WQ,anusree anu,https://lh3.googleusercontent.com/-W_1_540FlQY/AAAAAAAAAAI/AAAAAAAAAAA/AMZuuclxzdvenDRQxNNPt4DxUm6tlZnXWQ/photo.jpg,It's a great app but now a days it clears all the data and I cant see any tree which i plant earlier.... so i reinstalled all the time.. pls fix this prblm ( nb: i dnt have premium),1,0,4.18.0,2020-07-24 01:30:19,"Hi, sorry for the inconvenience, please update the app to the latest version (4.20.1). If it isn't solved, for the free version, please email android.support@forestapp.cc. For pro version, please email premium.support@forestapp.cc or contact us via in-app feedback. Please provide screenshots or videos of the problem and your Forest account details.",2020-07-26 08:34:09,most_relevant,cc.forestapp
gp:AOqpTOGXnvaiUWcvEDraIEjmI7eiXNEWJXe1XtIC5rzSdJ3SPW01q3EoWBw8DEdWjgMJhsSaE-2mGUDsf2-FWZY,Jamie McAllen,https://lh3.googleusercontent.com/-e7DaCmJGcZQ/AAAAAAAAAAI/AAAAAAAAAAA/AMZuucmWGQLmN-6xUBYCUdo8-ribc9CeFA/photo.jpg,"None of the reminders work, notifications turned, only when do I open the app do I get reminded of my activities",1,0,1.5.11,2020-07-25 13:06:49,,,newest,com.oristats.habitbull
gp:AOqpTOH2U2UGO1klCuBCxhfocTwZ_9q-3mPVWkXx9rtQxOJFfELlBwPcTgAJybmPCCBU2RqErf9f9Ahb1xQlAQ,Chrissy Kempel,https://lh3.googleusercontent.com/a-/AOh14GjVvc-uUBt_d-aef3wGI98C0RvHJPc8WHyjlWBpSBM,It worked for the first week. Now I can't add a task without it crashing.,2,2,1.20,2018-08-30 04:06:06,"Hi Chrissy, I've pushed an update (v1.20.1) which will fix the issue.  Again I'm sorry you had a problem with my app.  Let me know if you still have problems. Thanks, Steve",2018-08-30 13:28:12,most_relevant,com.tasks.android
gp:AOqpTOGScGm_6O6hjebTVz4e3NCUFxxLmVtRsIAouYOFlnecSeBbTAEIIuuKa2zjLDk8jjaaDRUMzSFCMiwraQ,Dale Haygarth,https://lh3.googleusercontent.com/a-/AOh14GioBaIMZ-c66EJeEAhC-MMrCoq_TaFL2I6toCXWzg,"TD;DR You have to register. You get blasted with emails. Free version is as good as free native app. It's not clear what features you get if you spend money. It's disappointing. Most features are behind a pay wall (which is fine) - I'd be more than happy to pay if I understood what those features are and having used the app, I still don't know. Also you HAVE to register with them and as soon as you do you get blasted with emails, which is by far the most annoying thing this app does.",1,0,,2020-08-04 08:38:54,,,most_relevant,com.todoist
gp:AOqpTOHlKKH0NgWTe17kFHFYwlwHWPhNVE1WToncRNNNk_YB7Y1rcNmfhS8udUnpW9a4OuX1QkapuIqFNaaJUg,Kamyar Kamyab,https://lh3.googleusercontent.com/a-/AOh14GjhVI8PAhjNJuTZVumto8ZN0hWM_QInXzkWe4F3D7w,A suspicious app! Do not recommend this application.,2,0,,2020-04-23 04:16:33,Sorry you feel this way! We have an extensive Help Center detailing how to utilize the features -https://support.any.do/. You are also welcome to contact us at https://www.any.do/contact_form with any questions.,2020-04-27 09:05:56,newest,com.anydo
gp:AOqpTOEyad1zcJy03bj5MB_OkFM_WKuaTR740jvz6X8dAFJVGXZvi_bbbKaMUKoMUhVIs5f3z_WsyeujImlmgA,Ian McClaskey,https://lh3.googleusercontent.com/a-/AOh14GictubTY2J97G4ugPJgsCbY6jWEysVDlDk_i9mJfA,"This app is completely unusable on my Note10+ The account creation is riddled with errors and when I finally get into the app, I can't click on any items or add a new item without the app instantly crashing. I was excited by the premise and motivated to start using it, but the experience was downright embarrassing. I'd love for a developer response here to acknowledge these problems and maybe offer some solutions.",1,2,,2020-02-24 21:02:27,"Hi Ian, sorry about that, the issue with the character customization screen and adding tasks should be fixed in the latest update that was just pushed. If you're still having trouble, we're happy to investigate. You can send a bug report directly to the dev team via Menu - About - Report a Bug.",2020-02-27 23:54:19,newest,com.habitrpg.android.habitica
gp:AOqpTOE0G2rQdkml5LlCZ-l26ipAVZC7JdtdbZ31PH1zq-sw8d5ppJ7dVbtyOjDE_5KI_2JOEPWaapkF0hYM3w,Muriel Scott,https://lh3.googleusercontent.com/--VuuTgKebU0/AAAAAAAAAAI/AAAAAAAAAAA/AMZuuckNhX5tvD69_1bZReR9d18Fbz4yvg/photo.jpg,Got a new tablet which sync my notes fine after I uninstalled and signed back in. My new phone won't sync. On the app for my phone there is no place to sign out! Frustrating,1,162,5.0.2,2020-07-06 01:28:33,,,most_relevant,com.appxy.planner
gp:AOqpTOHrHfC_1M6Kj1VBa09VJQX9c0vjifFuVokDt2sRtXNBDwd05w4QjPezM8mVUNnTg0GwbB4ImVjOO63BFg,Dominika,https://lh3.googleusercontent.com/-TRNGhSiXaTo/AAAAAAAAAAI/AAAAAAAAAFI/AMZuucms2GR1c6Ajy6NFCivqCkuDwpAMNg/photo.jpg,"I've been using this app for a really long time. I have new phone and when I logged, all my trees disappeared, but planting time remains the same.",2,43,4.18.0,2020-06-29 09:28:12,"Hi, sorry for the inconvenience, if you are using the free version, we will not be able to track your data. Therefore if you change your phone, the data will not be able to be transferred to the other phone. Please consider upgrading to the pro version in order to register an account with us and keep track of your data. Thank you!",2020-06-30 01:14:42,most_relevant,cc.forestapp
gp:AOqpTOFJPfeZd_z5O8h8k4rrH2XN4js4QiKfyayY1Oyi4o7aRcIDjaixzJWEUql_XeNpEZCbCdI63V_Wxnwt1A,kate,https://lh3.googleusercontent.com/a-/AOh14GiIbsee4wJLcyW04qy5LXsE6I5FYFEUyZ987NMV5Q,"i ws kinda disappointed because i really loved the user interface of the app and how smooth it flows from one set up to another. however, i have to uninstall and install it back up several time because it will not accept the 4digit password i have set it up with. i had to do it like 10 times :/ but still like the app tho. i hope that bug will be fixed sooner.",2,11,4.3.7,2017-11-24 05:47:40,,,most_relevant,com.appxy.planner
gp:AOqpTOHs-FoP0IxEmuWNj_3uKmjpi2qF2uyWwwlDcOj0dTKHnxF96ShBZEgmObHWSDf8qDyMTSM91mn4QXJzQbc,G F,https://lh3.googleusercontent.com/a-/AOh14Gg7psqC2MpQF29VLoLLZAV_9jUc4SNBDQb2yVuYWA,"Been using for years. Just about to delete due to the full screen lengthy ads that not only appear when I add an event, they pop up when I'm using other apps. Did a scan using an ad detector app and Business Calender is the culprit. Shame as pervious ad style was OK, this is ridiculous though.",2,1,2.37.9,2020-03-05 11:00:05,,,newest,com.appgenix.bizcal
gp:AOqpTOEiOwtES7Vi0UuWlKNqYtKeRnjRKOr7dxAxwdOp4l9DEFxHywqp-jVhCdWmJsFSo2bUOX_n1gPJ5purEQ,Hailey Fox,https://lh3.googleusercontent.com/a-/AOh14Gjv2MxO80K9U37_yb1i2mRsB-WYfXMjHOj3eVIxvw,the app opens it self up whenever it wants to display an ad but the screen remains the same but i cant press anything. so it just opens up in the background all day long to display ads and make money when im not even using the app. this feature is ridiculous and it started happening every 5 minutes as opposed to every now and then so i just deleted the app.,1,3,4.5.4,2019-07-06 16:40:36,,,most_relevant,com.appxy.planner
gp:AOqpTOFgjJ5QayFHHTnb7C25kudg7-4iab12Mkvu0nRCAktByP1jTARtYKQhVe0o9cFHNrHUtlaeiewvqLG5,Ivet Aleks,https://lh3.googleusercontent.com/a-/AOh14Gi6RZ5_XPsRIbSGX7Bk2FSZXaCFvv3-KbIkMhll,"I like the app a lot, bit I can not make the notifications sound to work. I have enabled all notifications in setting - both the phone and the app but the only notification I'm getting is in the notification bar? Without the notification sound the app is quite useless.",1,0,2.23.0,2020-04-12 00:36:09,"Thanks for the feedback.
Please check that app is whitelisted in Battery Saver in device settings.
On some devices Battery saver could block notifications from the app.",2020-04-13 07:12:51,newest,com.levor.liferpgtasks
gp:AOqpTOH7a6YEnM1L5e-_Ki6WjbYnsdMd4bhQ2xPw32JjP6jkz8OtWj_kaLPjMq2ofkPD8H85R7UDUrk2pq9mVg,Petar Janotka,https://lh3.googleusercontent.com/-iIe5e6_PayM/AAAAAAAAAAI/AAAAAAAAAAA/AMZuuclJwSlvUmkT7tR5bCupr8nWcJXkQw/photo.jpg,Missing grocery list widget and quantity for grocery list items!!!,2,0,4.17.0.2,2020-03-20 22:47:41,,,most_relevant,com.anydo
gp:AOqpTOHDTuMf7ml2FHUpV3BfOD6we_ypMonxa6oSeLYJw8ooNN29C7WKV_SlLs-0cbqWftMJHzQG2AnW7qSSR14,Andy Edy,https://lh3.googleusercontent.com/a-/AOh14GjlorcCK2wWI5_8ORUCzgvMV1DLgFkChuRoTQdcOgA,"Nice interface and it syncs across my devices. However the widget constantly crashes on both, P30 Pro, Oneplus 7T Pro.",2,0,2.21.162,2020-07-03 21:34:26,,,newest,com.microsoft.todos
gp:AOqpTOF7R6kIE4xZ3f2qStwqs7mr9gOTnhw_Ek6607SPvUHawR5WzC1DyaLKYWkYLbDBM8kVl8CBUBOJZGcD4w,Sunday Kemp,https://lh3.googleusercontent.com/-kXv9enMQt_I/AAAAAAAAAAI/AAAAAAAAAAA/AMZuucl3W1pOfe0aAwf0IPVSlQNe6f27RQ/photo.jpg,"This app was exactly what I was looking for. a visual of the day in clock form. Only issue is, if I add something to the clock it adds it to my calendar. I don't want that. I want an app where the calendar and app are separate. This was supposed to be for studying and exercise. I didn't want to have to add those things as into my ready packed calendar. it was a fast uninstall. Iif there was an option to disconnect the two, I'd reinstall.",2,0,,2019-07-29 16:58:33,"The application is designed for calendar users.  
This is written in the description. The app does what it promises.
It is normal that the application does not fit all.  Everyone has their own tasks and needs",2019-07-29 20:35:47,newest,prox.lab.calclock
gp:AOqpTOHbFZ9tZlNoDowIm-GBQScqxfWCNH4L6uaJBRs-wwV753r-LigKsevcHt-DDQV2rwg5jemguJbVj0Ktou8,Rizal Akbar,https://lh3.googleusercontent.com/a-/AOh14Gjh-2cFx_IdLE1yuU7UEeiOEdcgbYRsb4P53okyi54,"for years I use ticktick, I love it so much, I rated it 5 in Play store.. But the recent several changes to the app are make the app getting worse and keep getting worse than before. I incredibly sad and disappointed. for years I rely on ticktick as my todolist app, and now I have to find other alternative that can be as good as ticktick that I know before. that's not an easy thing to do",1,15,5.5.0.2,2020-01-22 15:40:15,"Hi, could you provide us with more details about the changes that make you disappointed? Sorry for the inconvenience.",2020-01-27 12:10:31,most_relevant,com.ticktick.task
gp:AOqpTOErBbtgjKffaO-Q4SZrSRgxsRvstHOXypBOPiLIZtgIW7LGGAMFmNtb361_EmNAC3hfIgjyc8TyItaORw,Patrick Callahan,https://lh3.googleusercontent.com/a-/AOh14GixTFLFggev4tVx7KWke38BB9exupzIrVasyUNSqQk,It's just a skin for Google calendar.,2,0,,2018-03-03 16:55:24,,,newest,com.appxy.planner
gp:AOqpTOEve-nstZ1JvjKsGCBCdb0p5CcNRK2NMZG6FSItDR6iFGdTfdNZF4EYLvCVbzWqz_DttRdJJ_aqWEDwcfk,Florin Spătar,https://lh3.googleusercontent.com/a-/AOh14GgT-DqKZmQu3sAUtt7xutBSiteB1R3clvgOZjCdKDI,"Developer started to add invasive ads, and worst of all, the functionality that was working before, is not working anymore. Probably the app is busy with the invasive ad and forgot about the job at hand :) And yes, I know about the payed version",1,2,2.37.9,2020-02-28 13:59:49,"The free version is still functional as the ads appear only every 18 hours! It means it is 2/day, if you're unlucky. Otherwise you can use the app without any further disturbance. Please note, that this free version needs to be developed and maintained on the daily basis. This requires a lot of time and work. The ads help us maintain the software.",2020-03-03 10:52:00,most_relevant,com.appgenix.bizcal
gp:AOqpTOHp0ia_Ta0eFSeYnvcM0D4QYjLlytk3AL6oa4NUZwJ-DkM5QIXQa6XHJ924_5gnS5xCPMFF85YQ9CIEkw,anna k,https://lh3.googleusercontent.com/a-/AOh14GgTwMy2_I7GddwLf6gsQ1t6yJwZuLd0AgD5XWI7-Q,"im sure the app is nice, but i cannot add a routine, or any activity, nor i can delete anything?",2,0,,2020-01-14 09:31:44,"Hi Anna. Please check our guide for beginners here: https://timetune.help/en/getting-started/ (if you have questions after checking the link, please let us know) 🙂",2020-01-14 09:48:19,most_relevant,com.gmail.jmartindev.timetune
gp:AOqpTOGGFiR6JnmfD6IubnwnohmPW4tVShJVP8uTVKcBD02Wdav75esdNK5Noh3YuyuMhwva6xJdOzOPfxlMyvA,H Bengoechea,https://lh3.googleusercontent.com/-6geMPfwOVj8/AAAAAAAAAAI/AAAAAAAAAAA/AMZuuclVgOde0tnGty6V8vHDLDlw5Icvcg/photo.jpg,"Was good on Windows mobile, then later became guglifyied and useless. Pass.",1,0,2.18.159,2020-06-09 21:52:30,,,most_relevant,com.microsoft.todos
gp:AOqpTOFqcVyfsCW0Q2Zs6j-jt2X6ZJAR6eVGsHoaltLMjkhxzdmN8hbzrzdVoGaUadHzIwEKWz2QHm1oGDtXDvQ,Lior Shoval,https://lh3.googleusercontent.com/a-/AOh14GiADunh84QWAVKCnqUc-gEjg0EpaKo-5YdodbUH,"Those fullscreen ads made me uninstall it after years of using it happily. Bye. Won't come back. My response: Or, you know, I can simply use another calendar app that's free and has no ads.",1,0,2.26.2,2020-03-03 10:51:12,"The free version is still functional as the ads appear only every 18 hours! It means it is 2/day, if you're unlucky. Otherwise you can use the app without any further disturbance. Please note, that this free version needs to be developed and maintained on the daily basis. This requires a lot of time and work. The ads help us maintain the software.",2020-03-04 08:57:05,newest,com.appgenix.bizcal
gp:AOqpTOFeQKqFOWJ6e7pqUspLLBcdSb308SLNy6R6zixFsvFnoc6eMfIYj4Yul1i85VD4jDTIUzWZHZL968o2k-E,Miss Tonya c007,https://lh3.googleusercontent.com/a-/AOh14GjwPtQhAbltZL5sFAjGAwjaUGwQumtF90nH7Yy6UGg,Its ok,2,0,,2019-12-27 15:59:15,,,most_relevant,com.artfulagenda.app
gp:AOqpTOF8l6dEhsVTVxnKEbKsX68cOZHYv-qjHoF2tt2PXokWa3fBpNYvG-L58BW7v_6jLGRDfRnLJpodwGjrdg,A Google user,https://lh3.googleusercontent.com/EGemoI2NTXmTsBVtJqk8jxF9rh8ApRWfsIMQSt2uE4OcpQqbFu7f7NbTK05lx80nuSijCz7sc3a277R67g,"Ever get a phone call from a Salesman whom you don't remember giving your phone number out to? this is the app that does it. it reads your phone number and identity and uploads it to the cloud where it can later be sold to the highest bidder. this app makes sure that it gets your identity because you have to login before you can even use it. once you log in, the game is a huge disappointment. mypoli has everything over this.",1,1,1.7.1,2019-02-16 23:28:30,"Hi there, we're not sure what you're referencing here. We do not sell or share our users' information. If you believe you've found an issue within our app that you'd like to bring to our attention, you can email us at mobile@habitica.com",2019-02-20 23:36:14,most_relevant,com.habitrpg.android.habitica
gp:AOqpTOFnSXeGesXxWsxhUnBb97zNYHIYErzntd0ZsIrjYVq-v3mhQXxkOEGKi5Z10qMt7GBgp8dlflo6_2LN1Q,Adam Bell,https://lh3.googleusercontent.com/a-/AOh14Gh_RGS8IsdPCeQmJddmyxuoFyeYbkCCfGGRrZQ40g,"The latest update is poorly designed for users with lots of tasks, completely changes the old interface, with attending bugs, out of the blue. Biggest fan to dead in the water overnight. Shocker.",2,1,15.0.2,2019-11-05 03:55:23,,,newest,com.todoist
gp:AOqpTOF7HJgUyWGYyiuJczGtOI81LA37tPL7rrudzzMAv4AUVRpT4OZxMCoaHdbfdgAlOGnMiPOFaH9aes3BuKQ,Jeff Gouldie,https://lh3.googleusercontent.com/a-/AOh14GhSrSIfrl8CvSBAxTD1Grz7b_aCUPUewtZtXX-_Qg,"Great app but with a poor 12hr sync to Google Calendar (with no response from the developer in over a year, after an immediate response). If they cant see this is a problem, that is a problem.",1,0,,2019-03-27 04:52:09,"Hi Jeff, sorry for the inconvenience. There is indeed such a problem at present. You need  to ask Google official for more help. https://help.cheqroom.com/frequently-asked-questions/why-is-my-google-calendar-sync-slow-or-not-updating-at-all. Thank you.",2019-03-28 05:55:01,most_relevant,com.ticktick.task
gp:AOqpTOELu4JWasGOqMC2qPgaR5Cz5TS-Kkwij1pI72mXcrTu-R6hn84Y4zvJ-kPtql0iOoX-PN0tbWAgcfPP74U,SUPER KILLER GAMER,https://lh3.googleusercontent.com/a-/AOh14Ghi-_tOz-mmvbCHBZf5kqyv9daZ3HcMp-z6aoSCzA,worste app ever,1,0,2.21.162,2020-07-06 12:05:09,,,newest,com.microsoft.todos
gp:AOqpTOGGTCjL50RBkKR7gg3mpsMTBhW0ElG1L_zAUVVOkGxf4qBIf-KbRs38oy8se9he9w-BDrT5NkCRppLdGbw,Chona @Vivaz,https://lh3.googleusercontent.com/-oJpT2hfrfqQ/AAAAAAAAAAI/AAAAAAAAAAA/AMZuucn21rQEiXpruovaWsm8NydTLyp60Q/photo.jpg,"I liked the app and I purchased it. But I can't sync any data from old phone. And when logged out of the app, there is no way to login again except reinstall the app. So if anyone is fine with restart all the progress everytime you change phone, this app is for you. But since I like to keep my progress to the new phone, I am stop using this app and find another one.",2,15,1.5.11,2019-09-13 19:34:50,,,most_relevant,com.oristats.habitbull
gp:AOqpTOHI0KFchlSsOBXuOy-dfF9ENGwrBQZefyx0veGVJ0JvF9f1MGy8oNgp5pGdCLtQaeEvwPjjOS3vFSq-_A,A Google user,https://lh3.googleusercontent.com/EGemoI2NTXmTsBVtJqk8jxF9rh8ApRWfsIMQSt2uE4OcpQqbFu7f7NbTK05lx80nuSijCz7sc3a277R67g,Can't put cute stickers on them no cuteness on phone,2,0,1.21,2018-11-28 03:32:29,"Hi, I'm not sure I understand?  You can pick your colours for ""cuteness"".  What do you mean by stickers?  Thanks, Steve",2018-11-28 08:31:48,most_relevant,com.tasks.android
gp:AOqpTOGMQuYPiDiB3J5-wj9JjcUWvOiSkKhe-WE4xrTHqAsr7BRybgvEXin9ZF_EE6XmPPgzSXGavRllEjkL9I8,Alphaeus Tan,https://lh3.googleusercontent.com/a-/AOh14GjqoN_lzW5IFKy0yiYpkhK6MF3fbxMobzpq2gDXkw,"The widget and sync functions does not work on premium. I get the widget error telling me to log in but I already have and even reinstalled the app. Nothing works. Developer, please fix this.",1,1,1.5.11,2020-02-02 15:23:47,,,newest,com.oristats.habitbull
gp:AOqpTOGGGam6-qumOR3UgwUSYLyfDmXnUV3y79BUL0fmsnfEJ_JMb79DOLkickAuIRsgla7m8mtYxQmBXqq2sQ,Anon ymous,https://lh3.googleusercontent.com/a-/AOh14Gja-XIa8f3Tiw6SydXnPWCvGdcqXwcpXt5yVQ556Q,Why does this basic app need access to my contacts and refuse to work without? Give me a break you filthy parasites.,1,5,4.7,2019-10-02 03:52:41,,,most_relevant,com.appxy.planner
gp:AOqpTOEt4SBExj2Hmo0LCmcgnNphcgysNDBfLLJ06rVBKoor5Q-cgCY6HON0tYjA5KQIXoPpmJX4ctHXRf4EYg,Kamran Sheikh,https://lh3.googleusercontent.com/a-/AOh14GgnxC1IFRGgN7Qb59rQTgKRyRwDCTWXC4mkJQwuFA,I've premium version but I'm still bombarded with adverts. Also try to make this app a little bit more interesting and fun to use. Change the ugly colour scheme,2,0,4.18.1,2020-07-05 21:25:12,"Hello, you can tun off the ad reward function in the settings page. And thank you for your feedback, we will forward it to our design team. Please feel free to let us know if you have further questions or suggestions. -Forest",2020-07-06 01:42:27,most_relevant,cc.forestapp
gp:AOqpTOEz-LXr3gjo61YAUwc92r96wQFGsCXFgsNJoSwBH1_U1U_lNX7b_uncAM35Ig4e9yqoEwEYQO-RI-XNKQ,Melissa Moldrup,https://lh3.googleusercontent.com/a-/AOh14GhjcARWGdfA6vAkGHG51i06P-VyKDPVini9sYiA3y0,This is literally just another calendar app. Misleading calling it a planner. Smh. It's not even a good calendar. If you're hunting for a good planning app keep looking because this is definitely not it!!!,2,1,,2020-01-12 18:12:19,,,most_relevant,com.appxy.planner
gp:AOqpTOH0E26XtDSYjLlYz9jvJG4HEg_2pa4O7diluCss9tnftFrYzRgkFZJrOmUIvZHEe0XWf1VdIetRl7IUJQ,Richa Sharma,https://lh3.googleusercontent.com/a-/AOh14GiDmo2mIwFlmFPKXeD0au4UKsNqxyNBt8sbitDC7w,App keeps stopping after restarting my device😠 Fix this!,1,0,4.18.0,2020-06-30 05:14:12,"Hi, please contact us by emailing to android.support@forestapp.cc or via in-app feedback system for us to assist you further.
Please provide details (for example, screenshots or videos) of the problem if you can.
To visit our in-app feedback system, please go to Settings, enter our FAQ, tap on the top-right icon and go to ""contact us"". 

-Forest",2020-07-02 01:09:53,most_relevant,cc.forestapp
gp:AOqpTOGVa4XILI7QISO4b4ju9q60aBOIv2MUkPqSzTqNZJ1jtMojimVe-TajAmWh6EMrsaIBizqSnPg-uVwd4Q,Harry,https://lh3.googleusercontent.com/a-/AOh14GhyU8fbVIxzm3W8Oj6ZQFgOk5nZihGkcxSmMnwkUw,So far I like it I thought there would be an option to sync your routine from the Google calendar but apparently you can only sync the timeline. The time tune staff has been very helpful and the app has alot of potential!,2,0,2.3.4,2018-03-16 22:06:56,"Hi Harry. For the moment, the calendar sync option only shows Google Calendar events in the timeline. As the app is still young, our intention is to add more sync options in the future. In any case, if you don't like the pro version and prefer a refund, please let us know and we'll do it, no problem. Thanks.",2018-03-16 22:00:18,most_relevant,com.gmail.jmartindev.timetune
gp:AOqpTOEIq-MD-5rcTCPtld2RrfHC30mWa4p4cu61gNqF13TVskKdHzGPZZQz8exH_HEbW5ccSkKH2m4se8k6oA,Maricela A,https://lh3.googleusercontent.com/a-/AOh14Gjqw06MAQcL3UH_P9zYG0haeZjBBT9AUdBzaFPTCA,"Not sure how this app received such high ratings. It is just making you add events in your Google calendar to create a pie. I don't want to add daily tasks to my Google calendar. I thought this app was going to be more efficient, but it's not.",1,4,5.7.2,2018-10-28 04:12:23,"Hello. For example, when I do the installation of a new app at random, and not reading description of the app before install, I understand that this may be not what I want to.",2018-10-28 05:42:37,most_relevant,prox.lab.calclock
gp:AOqpTOHL6-HsgDKA7f-XUL9kV18TlMOGDvQe9FJrzrVecbYOsbvZy0IwvDQRJudUSWV__8UH3HZctyarwCDT9Q,5ilvers,https://lh3.googleusercontent.com/a-/AOh14GhUucHRbh5O3WWlln0DiPbXazsT9TkPC8YPiaT14g,"Doesn't seem to work on OP 6T, can go through character creation, but doesnt let me customize or select anything. half of the UI shows up blank.",1,0,2.4.3,2020-02-15 21:26:00,"Hi Shang, sorry to hear about this issue. Your character should update to your choices once you select a task list and pull down. In any case we've let the developers know about this issue and they are working to fix it for the next update! You can send us additional information via Menu - About - Report a Bug if you would like.",2020-02-21 00:14:32,newest,com.habitrpg.android.habitica
gp:AOqpTOGj8Muys3SOBKakB4jnCkQZYtGN2uqtienVyiiSJ3LzX9l2fjg3R4s_YKXGt3RDd5-ak3WBb93-lwA9yg,Gitesh Masram,https://lh3.googleusercontent.com/-bp8xT8QFulo/AAAAAAAAAAI/AAAAAAAAAAA/AMZuucng1qZ4065de7BbCBnSD_4TDvLhAg/photo.jpg,Very bakawas,1,0,,2020-08-02 01:42:57,"But why? If you don't explain the reason, how can we improve the app?",2020-08-02 08:11:00,newest,com.gmail.jmartindev.timetune
gp:AOqpTOHxg8a7Qu5bRcS1Rak9R2DDyqFP8wpHm2WGPFwQ7obNVa2N44q2ZzEY52u2kjo0MLBXWT1gVjdG3gehuQ,Stve Rdge,https://lh3.googleusercontent.com/-Yqm4j1MeMWQ/AAAAAAAAAAI/AAAAAAAAAAA/AMZuuclxXn6kiZSPLXnbnRg6PId4wJ9fEQ/photo.jpg,Want to customize colors buy the pro version. Not a chance. Thanks for nothing b,1,0,,2019-11-20 07:11:04,,,newest,prox.lab.calclock
gp:AOqpTOHGp63_FkcWg7f3mcjfGsl98PmKk38xRfDAUSlF55z7vS5zvWLbqpe0xJxZY19cq08n87gxv82OOwTPpg,tagwa mukhtar,https://lh3.googleusercontent.com/a-/AOh14GjASPqMrVKJOjla_v3xkDQyKPmwC_2iQ-uizRC_CQ,I have just downloaded this app and I can't register. Is there a reason for that?,1,1,2.6.1,2020-04-27 18:18:26,,,most_relevant,com.habitrpg.android.habitica
gp:AOqpTOEj-h7tFePIe5Y6IUJhL46qpYtoBy3CrFyc0w8gRtT0hcWTy3uOvIkFtnxv8nDkgQ_a0DAB8NSz4VQrQw,Ali Jauhiainen,https://lh3.googleusercontent.com/a-/AOh14GhtqsbdLf3ShJD7WYhWwGPMTKR6sjn-6Y3rspygh3c,Themes and location based reminders are under subscription. Both are free on most of apps like this. Thanks but no. I'll pass and keep using Google keep,2,6,4.17.0.2,2020-03-07 10:25:10,,,most_relevant,com.anydo
gp:AOqpTOHBnLasEnPIg7a_vsEgu35x5UXx8HTwswzmaH_G46wqJJbMlOXQZp0C8mLww626WmPX9EmRchAvhAbtPg,Max Jessen,https://lh3.googleusercontent.com/a-/AOh14GgXoTUc3BBM3_x7TNXqUhIIbTyUQHynnvU4Fby36Q,"Sends mails claiming monthly payments of $4 without yearly commitment but monthly without yearly commitment costs $7 And also the app is quite crappy without premium, and premium at $4 would still be too expensive for what you get.",1,1,15.8.0,2020-07-15 05:14:34,,,most_relevant,com.todoist
gp:AOqpTOGVh7lex0sW_TL1qvGe2tU2Zae3Ajdr-BeUSP-moy5DowC91ZYGzJqoF6e7n4o1ppTVpXWBHo9f0pQPZCg,Tim Sparrow,https://lh3.googleusercontent.com/a-/AOh14GjeD3sCXCQKEOoZuB5LfNsdetnRk40om-T9pn7JLA,"The app itself is great. I used it quite regularly a few years back but when I tried to use it again it seems that the 'new' owners don't acknowledge their 'lifetime' subscription. Sure hope my emails get more results besides ... /ignore kthnxbye Sent an email ... they said they opened a ticket and then ... crickets. Nice .. thanks, downgraded to",1,13,1.5.11,2020-03-23 17:39:58,,,newest,com.oristats.habitbull
gp:AOqpTOGhpHJ7ovzIUwh24yjKy3Bqxi54_GXyxANhZEn3LSE0Wq3VBgwUfc3LFix0qckRCabxQ7hH9z5AyXwLRQ,Jonathan Medrano,https://lh3.googleusercontent.com/a-/AOh14GiGc328s0B3GawN_yZ5jD8bKA0IcwEAJMBrjjeo-g,"Blank screens when initially launching, character creation screen missing most assets but still semi functional. Unable to begin. Oneplus 6T A10",1,1,2.4.2,2020-01-28 12:54:02,"Hi Jonathan, sorry to hear about this issue. Please try updating to the newest version, and let us know if you're still having trouble via mobile@habitica.com and the team will look into it.",2020-02-06 23:51:38,most_relevant,com.habitrpg.android.habitica
gp:AOqpTOFTTIvoH4wHq5qGikjnR-UB_w71DgwPvbw-6PijnioL6OJrqCYAV-1nFScWOGXKj4VRbBNrT2q17xye,Ersatz Feign,https://lh3.googleusercontent.com/a-/AOh14Gjq4rG-c_lTS_Y47hnFlM7WqxoGGfI3iD27y2ee,Tested on 4 Android versions and devices: 1• Reminders only work with screen on & app in foreground (app doesn't stay in memory!) 2• Can't rearrange hero screen to move graphs to bottom. 3• Every notification 'Perform' button click= annoying popup to confirm AGAIN- can't be disabled!! 4• Needs option for notification X minutes AFTER task start/end (Users need notification to inform what to start PLUS notification option to confirm it's done (at the task end time.)) Subscibe when fixed!,1,5,,2020-05-11 19:08:40,Thanks for your review and for useful suggestions!,2020-05-13 13:21:39,newest,com.levor.liferpgtasks
gp:AOqpTOFQey-I2uLyk3yrXQx8D_KMyXUgZHB_TGXexfNePGSID6nJWZhvQIyr1v6Mj7EbRcGIAf-aMlTS2JIUlco,Ian Smith,https://lh3.googleusercontent.com/-HQvp_46L__w/AAAAAAAAAAI/AAAAAAAAAAA/AMZuucmCai2gpSrZaYus3nL2_-FPfen4Qw/photo.jpg,The new full-screen video advertisements make the basic version of this app unusable. I'm looking looking for a replacement.,1,4,2.37.9,2020-02-15 00:11:59,"Hi, please note that the free version is not ad-free (only the pro version is completely ad-free). However, we are currently working on the possibility to skip ads and try to set all ads from all providers on silent as standard. We hope to integrate it soon.",2020-02-17 08:37:00,most_relevant,com.appgenix.bizcal
gp:AOqpTOFNuyNlahlA4pWIhAgEpgSr1qWMf8O8DR9zvA3Bn1_dNZh_pVZiJxt5SshaNr9UykYKyaT3w9tPmSnGnQ,noman sun,https://lh3.googleusercontent.com/-6VWYIIwlLhQ/AAAAAAAAAAI/AAAAAAAAAAA/AMZuucmG59ASzuf0xmrx-DvUwdefKyxTMw/photo.jpg,Not good. Wasted time.,1,1,,2019-11-13 21:04:29,"Hi Norman, maybe you could be more specific? Tasks is a community driven hobby project with all features offer d for free without advertising. It simply relies on donations and my spare time to move forward. What more do you want? Thanks, Steve",2019-11-13 22:21:15,newest,com.tasks.android
gp:AOqpTOES_por7I2AjgqFrDuoeVhV0eRmajt4pB3b5F3wJmwxK_MN8NIDxLP653S7pE1wW4NweI41u9UEbVJ7GWs,Andreas Wahlgren,https://lh3.googleusercontent.com/a-/AOh14GjOyUxnyHwynPSmg_dhMQCO1SMqrwxpJS07fmH2EQ,I'm changing my rating from 5 to 2. I've used this app for many years and I love it. It's a great app! But they have recently added add on videos (skippable but still 5 seconds long.. ) after you've created or closed an event in your calendar app. It's really annoying and disgusting because you don't have time watching adds when you want to add a couple of events everyday in you schedule... You've went to far Business Calendar 2...,2,0,,2020-04-01 08:17:45,"We avoided this solution for as long as it was possible. It's not the case anymore and we need to think about its further development and maintenance. It costs time and work. The free version is still functional and ads appear only ONCE every 18 hours!If you don't want to receive ads, you can consider the pro version, which is completely ad-free.",2020-04-01 08:59:19,newest,com.appgenix.bizcal
gp:AOqpTOEC8KLFEBIPxFVQh1z0StRQdkXUoFdKnNtEZaIj9TpBopUPATbHz0_9yZLnFhYhe7ciZycHaHv8JpuYo_I,Garvan Rushe,https://lh3.googleusercontent.com/a-/AOh14GgpPfbivJYBf-BTlDb0CaaCfyQNMwyUDcqohbNmoBE,Sync problem is a deal-breaker. All that info is now lost. I used it for over a year. :(,1,0,1.5.11,2020-04-12 04:20:56,,,newest,com.oristats.habitbull
gp:AOqpTOE2CQdpv2-IpHwlWY7-e4bwdb1GuDjht7I3mtxe-M80nBX4HHUcrJ2kUG11udAozHvyyfVext72DcBVYQ,Marguerite Pear,https://lh3.googleusercontent.com/a-/AOh14Gj0kDTXTbfGGUI50QNsMnVa3iGis0PiAOEIboCPPso,"Not a stand alone app. Must use calendar on mobile, my pout was to use it on its own.",1,0,,2019-08-14 15:27:32,,,most_relevant,prox.lab.calclock
gp:AOqpTOHOTmM7TNCuG68xXE4rxXhKhOXZA_R9ogaFcycC3txkHu4P7eFMkloo9hmMotwiXVdi3KU337VyzjHd2w,Fathurrahman Menaz,https://lh3.googleusercontent.com/a-/AOh14GiMZO0cuqB9r3zDTwhaWyW-qC5uJ4LWnCyFOL6RZg,Stopped,1,0,2.5,2020-03-01 02:21:41,"Hi Fathurrahman, sorry to hear about the trouble. If you'd like to send us more detail to help us investigate these issues, you can send that information directly to the support team via Menu - About - Report a Bug.",2020-03-13 17:57:05,newest,com.habitrpg.android.habitica
gp:AOqpTOFpd1c1NF8YDN6htlKhtOA0Ydf94IyAme5cJx4Fx3hJR87TcCUQMrrrFCRRQW5rOFMy6KdftL6TTu1f,Learn Languages With Me,https://lh3.googleusercontent.com/a-/AOh14GgGcF74rDHmY1D2v3oJ_5QG_RWUuD8v6eC4gdFOpw,"cool idea, but it keeps crashing when you try to add subtasks.",2,15,2.10.1,2019-03-06 05:50:57,"Oh, wow.
Thanks for the heads up. I'll find and fix this problem.",2019-03-18 10:26:19,most_relevant,com.levor.liferpgtasks
gp:AOqpTOF3iCKopJZyU9A16glh1UPJOCmf3p_3e7a7CxuJ1q3PgyO0SiunevQ89ygEpHm1xBeW-rAx-Hx-9lyklg,Heath Barnett,https://lh3.googleusercontent.com/-xztjG3_ooBs/AAAAAAAAAAI/AAAAAAAAAAA/AMZuucn1LPBdGNu0yI4KPswczjMZBkwVmg/photo.jpg,"My rating is just based on my needs. The app says it has recurring tasks, it does not. It does have recurring reminders for ""on going"" tasks which may be useful in certain applications. The result of which being if you click on a task that you do everyday it puts the next reminder on the list giving the illusion the task was left undone. The exact opposite of what a checklist should do. If you want actual individual repeating tasks or list this is not the app.",2,71,5.2.0.23,2020-07-31 14:55:15,,,most_relevant,com.anydo
gp:AOqpTOF_LfhKCcfRuxx4wgwt9xLgTc-VA2iScMLHJPRdBVVxWXLkwnvLmaYXQiNdfLaXfazPCFj9_vteFC5HQw,Big Boss,https://lh3.googleusercontent.com/a-/AOh14Gik1WZTr9e5dI05GzpoafEiQcfrGmiEuPYEfccCUg,"Clunky, complicated, and confusing. Not streamlined. Ugly color choice for non pro. Just a disappointment.",2,0,2.5.3,2019-01-16 00:38:54,"Hi, sorry about that. The project is still young and evolving. Meanwhile, in case you want to give it a second chance, you can find basic instructions here: https://timetune.center/android-help/",2019-01-16 09:37:11,most_relevant,com.gmail.jmartindev.timetune
gp:AOqpTOEkUTDpR-AYlAgNk52nQi8BQ5lK6fgCpgHzV8GuKLGnslhWeKviiTicEWO_CiKlS0A9LnCG2l6Exvz0qw,Oyelaja Taofeek,https://lh3.googleusercontent.com/a-/AOh14Gjdg_S0HviMG22Olf4hZmjhZKkpqCiBtmH17Oue2w,"Previously good, currently bad. This app takes you straight to Google calendarfor creating an event but once the event has been set, it's on calendar only. It doesn't even show that any event has been set on the app itself. I was using this app as sort of a time table but if I'm not able to see my plans for the day, then what's the use. Pls fix it",1,18,5.15,2020-06-03 06:17:27,"Hi, 
If you use the Google calendar app to work with the application, please read the information in the application's FAQ ""Slow sync when using the Google calendar app"" or write me at 27applab@gmail.com",2020-06-03 07:31:28,most_relevant,prox.lab.calclock
gp:AOqpTOHHoklQI-uDJGLqaK5s4dh19aslXoxuN0qqibh_rJZ6dByT_WnmSItVU-U16EStV5BUUaPuNqLKXXblSHA,A Google user,https://lh3.googleusercontent.com/EGemoI2NTXmTsBVtJqk8jxF9rh8ApRWfsIMQSt2uE4OcpQqbFu7f7NbTK05lx80nuSijCz7sc3a277R67g,"I love that you can chose x amount of days a week to complete a habit, other apps force you to commit to specific days, the flexibility in this app helps me succeed, what I hate about this app is it fails to get my habit completion-for example I did my workout for the day but still receive repeated notices to do said workout for that day. way to drain any joy out of an accomplishment habitbull!",2,9,1.5.11,2019-03-28 22:40:55,,,most_relevant,com.oristats.habitbull
gp:AOqpTOHDPXLtYRxYqrsCj3ijiJH-OMz2BaQt7ozGEXTp8SJ6rQDrHK2DKJ-iRneJnwXnIYogyDQHrA2wdOU3,Jag- E,https://lh3.googleusercontent.com/a-/AOh14GjPc3aalEgXiPxltyTLsopTf5QQyv91LgcMnbf_tA,"User Interface is so tough, specially for a new person.. Even there is no guide that how to use.. On front there r those things which r not useful for a working person like those Xp and all.. Don't know how to find week date or tym for an alert.. Not impressive..",2,1,2.7.2,2018-09-05 04:33:31,"Thanks for your review.
There's a built-in user guide (open Menu, About, User guide) you can refer to it or simply ask a question via email (liferpgtasks@gmail.com).",2018-09-06 14:29:52,newest,com.levor.liferpgtasks
gp:AOqpTOH8548tkqLjgUJUyLIvHxhiJAHCbrQdiYgD7TMLQJUHW2p0K_ouEJx6Bpctrt-IwLMTQyxQcxMJEgHdiw,A Google user,https://lh3.googleusercontent.com/EGemoI2NTXmTsBVtJqk8jxF9rh8ApRWfsIMQSt2uE4OcpQqbFu7f7NbTK05lx80nuSijCz7sc3a277R67g,"I loved this app, but after the new update I am unable to use the widget. Uninstalled.",2,1,5.8,2018-11-11 15:52:51,Hello. Perhaps crookedly updated. Just reinstall the app. This should help.,2018-11-12 10:23:56,newest,prox.lab.calclock
gp:AOqpTOHGi_km8Fz8IvrtJY1YlTaffsTo7uPxlxzh1KaOGc3E1_AHkT7pWXfdgqUam0C-RE5ycwglyzh9DwNPYdQ,Dave,https://lh3.googleusercontent.com/a-/AOh14GihOWKpR-X9cd6uAYey7Ih4Jyc9BrdS7hdgJcbu3w,The app has stopped synching and cant get it working very frustrating. I paid for premium and no one replies to help resolve which is a real shame as the actual app when working is very good.,2,3,1.5.11,2019-11-21 04:51:54,,,most_relevant,com.oristats.habitbull
gp:AOqpTOGIG1ORtd8UYHwOnEEYR6Z9ndc1XF4MZnbHaYnBn6yBbtomdqn6yRJOLdFZik8BJ1q9QjAOTLaSpOCbfeo,Naman Kumar,https://lh3.googleusercontent.com/-DgK8BVYQYAM/AAAAAAAAAAI/AAAAAAAAAAA/AMZuuclmH3TxdEq9TWLgBe13mq0yOknxcw/photo.jpg,"In DND+vibrate, reminder sound doesn't work. 'To Do Reminder' app has sound for that case.",1,0,2.18.159,2020-05-24 20:39:34,,,most_relevant,com.microsoft.todos
gp:AOqpTOEkq2GtKG0EOfCE-Wx7QOkDcWkqHOol0NfUIPex3KWBNe_vHfIvkJ7vcm-GPWUZ2xkuUmI_Ppr6q7PiyII,दर्पण आर्य,https://lh3.googleusercontent.com/a-/AOh14Gj9behL_3xvuZwxlgtfZhTO03QJnoeb5hmYlAqerA,"Worst app,, Now I just know that only 5 habit can track freely , there above premium, also payble Back up, But Developer are never inform first.....",1,0,1.5.11,2020-07-19 08:22:31,,,newest,com.oristats.habitbull
gp:AOqpTOFOOYAdlnrxk8F7finD44FarI9wXLmxM0DaAj3-M2j0MsGc-7ZK7sfB3gGnGAUqxtNbGNrmGE_UC9VVhw,D Campbell,https://lh3.googleusercontent.com/-v3kECPKEc88/AAAAAAAAAAI/AAAAAAAAAAA/AMZuucmquzU-gs_ecZdpopR47fpF449nAA/photo.jpg,"Snoozing and recurrence behave erratically, thus alarms often don't happen when they should. Developer did support, separately and only up to a point, issues with notifications which are specific to my device.",1,1,2.5.0,2020-06-07 15:59:11,"Unfortunately this is an issue with your device not Tasks. OnePlus add very aggressive power saving to their devices which breaks the standard Android alarm manager functions. You will have seen a warning dialog about this. Here is the link again: https://mytasksapp.com/help/faqs I hope this helps, Steve Edit: you could simply send me an email",2020-06-07 16:08:33,most_relevant,com.tasks.android
gp:AOqpTOHW6GlibfL-vd3IbXk3UVM8s_epYAH3hfzrDoTEjLy-p2L9NTe5cyii9whLYSg1AQeU099g8Mt_fPMqZQ,Partho Protim,https://lh3.googleusercontent.com/a-/AOh14GgX0HHfIKzTh-vIoDWosB15bBMvOidBh4SFKi3HAg,1 star for obligatory signup using Google /fb/twitter.,1,0,4.7,2020-01-01 10:56:32,,,most_relevant,com.appxy.planner
gp:AOqpTOFlM_PTLhOEShsOzQUQSa5A8UjGpw04iFbnDDI3jSBn_zY05W9u6UeU3CZt3XChTO2kdgV1IpnRdgD4lDE,Ivy Poison,https://lh3.googleusercontent.com/a-/AOh14GhTjvIm-N1m1qGmkGBO_Fzxa1RGj3iODyZrbfTSIg,Why is it impossible to see text of event (I PURCHASED pro version and sent You email) I just resent an email ... with screenshot,1,1,2.39.0,2020-06-12 08:54:50,"Hi, we cannot find any emails under the name you use here in our mailbox. How did you contact our support?",2020-06-12 08:41:27,newest,com.appgenix.bizcal
gp:AOqpTOHn-3ZpaxjTIgoKxeSuBv1TCm_Yxof556y2ZdKFxeOSmQBNoadMtPGwqnrfICayT4Z7jfjJ9Pj0s92Yvg,Bulbul Shakib,https://lh3.googleusercontent.com/a-/AOh14GjnudY_llcH0ECG3olsMi1XBe5uCbVVRMpuDZrCnA,Almost no productivity without premium version.,2,0,15.7.3,2020-06-29 07:29:33,,,most_relevant,com.todoist
gp:AOqpTOEP_l2EEa0geaWJpmRlqohfeNSCbBY5xCVid0vryqv_qD2qVKEdO_dXHftb5ywzRkBfdP23k0EOr5eOew,SolarWinds AuroraBorealis,https://lh3.googleusercontent.com/-nULzD2Z45Hk/AAAAAAAAAAI/AAAAAAAAAAA/AMZuucmsiDBgbRKdweo5j92SlVxk3hJ63Q/photo.jpg,The 1st action the app wants is to name a list. What am I listing and why would I name it? What I'm looking for is a reminder with an alarm using the ringtones already on my phone to remind me of important events. This app doesnt seem to function that way. I dont know what I'd use this app for.,2,0,,2020-04-22 02:05:47,"Tasks is a todo list app. Therefore it is basically lists with tasks. Most users make lists for groceries, chores, work, hobbies etc. then add the tasks they need to complete to that list. Tasks includes reminders and alarms for free: https://mytasksapp.com/help/faqs#recurring-task. I hope this helps, Steve",2020-04-22 07:31:16,newest,com.tasks.android
gp:AOqpTOF5k5WjQLBvDsdmCVr4PuuLHbIz9JkmgqVid3R59fAWOugri0okN2KMLsk_SdCurkozKxiJBYHbpDUEfQ,fyreman blanchard,https://lh3.googleusercontent.com/-7Ctz-AxxKYM/AAAAAAAAAAI/AAAAAAAAAAA/AMZuucn_B5OMRfarWnoVwZ5zr1r0co6Mug/photo.jpg,"Closes everytime I try to add a note, event or anything else since last update",1,6,4.6,2019-09-03 19:24:49,,,newest,com.appxy.planner
gp:AOqpTOGOkLfkvSJACYeiDg-cOjvX4dAd_cGEvS41Pu2yF_n1iVA2ivf7iikGcrehCzF2bWTn5_jWxN0AkF36,Jason Sandoval,https://lh3.googleusercontent.com/a-/AOh14GiUtt1oHcUWFXTY_ZDhUWDSldLrIZSY3M3OsyNVlA,"app crashed after creating a daily task with 2 day habit. would fail and bring up a warning that the task failed and to press OK. however you couldnt tap ok, it just did nothing. this happened every time. gave up and uninstalled the app. on a pixel 2 XL",1,1,,2019-07-29 12:39:02,A new update of the app is coming soon which fixes this problem. Please bear with us.,2019-07-30 11:49:11,most_relevant,com.levor.liferpgtasks
gp:AOqpTOGuHfjStfgmG6bG480qWcuviDf_z5PWFPEXwwLQN03YQlMnWWrRPglQGo49p3F7hb6UGm16Mxc3YkiC6Q,Sian Butterfield,https://lh3.googleusercontent.com/-xSP1lEQLV8s/AAAAAAAAAAI/AAAAAAAAAAA/AMZuuckbuQqr1goI5AjC-TGFjpDy55m-zQ/photo.jpg,Had high hopes for this because it had everything I wanted but the completed tasks that I keep putting as completed come back the next day which is just irritating. Have tried all the settings to get of it but I can't and can't be bothered to persevere anymore,2,241,1.34.4,2019-11-13 18:28:40,"Hi Sian, you could have done me the courtesy of contacting me directly so I could help. For anyone who reads this don't struggle on your own, just ask. Steve",2019-11-13 21:01:51,most_relevant,com.tasks.android
gp:AOqpTOFj3Pdvayov94owjBQTwkSaoAUTD6Yw8_ZikqRjAz9mMiNj4hIUqD0hI2ishSsaw-rS05ELpU3ZQTt04A,Bruce Fowler,https://lh3.googleusercontent.com/a-/AOh14GgYPJEANQoC97-8nFn3Bd4SRrsxgNCBopjQWiNP,Hopeless,1,0,,2020-06-12 15:23:59,"Sorry you feel this way. Was there a specific issue you encountered? We will be happy to assist, should you contact us at https://www.any.do/contact_form",2020-06-14 07:20:02,newest,com.anydo
gp:AOqpTOH8L5zxPMJYvcel159clKiRjJ2W2scgR50kC7-v8nYtt_CDfRharp_Gy4beTHKX-e8Vctuf3g03kTISHs0,Callum Dunster,https://lh3.googleusercontent.com/a-/AOh14GgVugPzocF6v-FD_Ed9jZYDzbmQmBF90JTskobjbQ,"My biggest problem is that there's no free trail and a lot of stuff is behind the pay wall but I'd like to try before I buy. Also, as a first time user there's a few issues: I downloaded it on my tablet and landscape mode doesn't work well for all pages (especially the habit details page). There was also no tutorial so I was left to just click around (when I later downloaded it on my phone there was a tutorial so I'm not sure why there isn't on my tablet).",2,11,5.5.6.0,2020-04-22 13:53:13,,,newest,com.ticktick.task
gp:AOqpTOGXaxReNpr72KzE87yWvEu0wkX8EJv465oLo4hTNJVBbQivCCCJP3Uc_ceFoSDjDrkx5IO88ZoL8vn5PA,Pax Margret,https://lh3.googleusercontent.com/a-/AOh14Gj3RHK-h9HyqqgTFOWP8hx73WSLP_zTCoIm4ULuLQ,"i cannt acces my account anymore since their ""password reset"" feature does not work. tried on my iphone, android oreo, web version. i don't receive any email to reset my password.",1,0,2.0.2,2019-07-17 14:20:30,Hi Pax! Sorry to hear about this issue. We are currently fixing an issue with these emails. Please contact us directly at admin@habitica.com and one of the devs will manually send you a reset link ASAP.,2019-07-23 16:41:54,most_relevant,com.habitrpg.android.habitica
gp:AOqpTOHM4DDBzHq3PzTNgFtTktEKLxizGqToPRq0DpmS7AjMBQEHDM8rty5pxZ6PfdZP-f4BVT2GvB_Uz3hzczE,Paloma or Steve Roth,https://lh3.googleusercontent.com/a-/AOh14GhwUOTBbaOD967KVpPRYdw1LiFC9PUK3Q_Rnu1NLQ,"I was using it and thought it was pretty good.I had my whole business schedule on it, then I lost my phone. I got a new phone and downloaded the app again, logged on and no schedule! It was gone! I lost thousands of dollars and had many clients pissed off at me... So disappointed...",1,1,2.40.3,2020-07-27 23:20:23,"Hi, first of all please consider that we have absolutely no access to your personal data and it is correct so. You are responsible for it. Did you sync and/or  back your data correctly up? See here: https://appgenix.uservoice.com/knowledgebase/articles/904029-what-steps-should-i-take-when-switching-resetting",2020-07-28 10:00:19,most_relevant,com.appgenix.bizcal
gp:AOqpTOG7D2r_FG3olZ4i_EQ4n4L2mmeVhUc9s2nMpuprfcl89IApY0WBAINylM3Pto_xlWpsxNV8FxnFX9pEYho,Michael Kish,https://lh3.googleusercontent.com/a-/AOh14GgdiJ9tCzKfZMr97mZUEOlVRuob8A1awOKR2Ouh2w,"Good design, simple and clear but with the option to dig down for more details. However, they don't respond to emails and haven't released an update in over a year. Seems like this project was abandoned.",2,0,1.5.11,2019-10-26 02:32:30,,,most_relevant,com.oristats.habitbull
gp:AOqpTOEBcL79mwtQUWbgnL3DmHedwUclrmpqCo69CW7VawfNeAfUpEOpiPbRdW23UaIOpENjgEz9YbKGBMVT2w,Andy Byrd,https://lh3.googleusercontent.com/a-/AOh14Gh5IOvfGTyQmFwmbnEacZlS4vT3qFyfPJqAEXEo9Dg,Lost half its use once they got rid of seeing children categories in the widget. I use ToDoist for homework assignments and I used the parent functions for assignments to categorize what class the assignment is for. Without being able to see all my parent/sub folders from the widget it kills most of the use of the app. I went back to an old APK but then I started getting prompts that the app would stop working if I didn't update. I still use it as a grocery list with IFTTT until Keep is fixed.,2,3,14.2.1,2019-05-22 13:41:48,,,most_relevant,com.todoist
gp:AOqpTOEWBh15N0QxzMhhhaMebznfCuBvOZtXHNyu75SRobUEVims4oPOhOQX1snUhUTszRac-Ei0lNPFKAyjjg,Rina Guerra,https://lh3.googleusercontent.com/a-/AOh14GgIsIiQVL-aGthxLnBl20u8cHk92Tjcwz7vsEKJcQ,I can't get a refund and the app doesn't work. Google play is zero help and I can't reach a developer! I've been robbed.,1,1,4.7,2020-01-21 20:25:23,,,newest,com.appxy.planner
gp:AOqpTOEAYz0WTlDGzRdVkWXoDOVVtq3JKbxa5fcZljM5htLubIc6q6sOAdjWHIHKNXCfVKAUzeP5GX6MwgOjLlk,Rashmi Srivastava,https://lh3.googleusercontent.com/-V9FJs2Huy3s/AAAAAAAAAAI/AAAAAAAAAAA/AMZuuclKHiyS5iLmUnS6CACLbAMbrFoNNg/photo.jpg,i can't use it for a month because email was wrong. that's insane,1,0,,2020-08-02 04:15:13,,,newest,com.microsoft.todos
gp:AOqpTOEkg-YiQgYkPYHxjytAh_LHrRm0iOUJ8f3rYV5Sq8upuJcRSqqgwin5gI3h3KXvFfouuftIqlhO0f-47A,Justin Mathew,https://lh3.googleusercontent.com/a-/AOh14Ggw-E4OaiVnqdFnuaPFCPVfnhIZ31AqGQLeAniz3w,"You must plan in resuming the reminder tab. It's really important. By the way, I'm a paid user.",2,0,2.10,2020-05-08 18:12:15,"Hi. Reminders were integrated into Events, because their behavior was exactly the same. So if you create an event without duration, you can do the same you did with reminders. That said, we remain open to all possibilities for the future. More information: https://timetune.app/reminders-events/",2020-05-08 18:25:35,most_relevant,com.gmail.jmartindev.timetune
gp:AOqpTOHn-3ZpaxjTIgoKxeSuBv1TCm_Yxof556y2ZdKFxeOSmQBNoadMtPGwqnrfICayT4Z7jfjJ9Pj0s92Yvg,Bulbul Shakib,https://lh3.googleusercontent.com/a-/AOh14GjnudY_llcH0ECG3olsMi1XBe5uCbVVRMpuDZrCnA,Almost no productivity without premium version.,2,0,15.7.3,2020-06-29 07:29:33,,,newest,com.todoist
gp:AOqpTOGMcJ_6EB3ZVTXbXxmTRwhU65iyDGoSDCKk5SJzWp0vByeA3m0w1Ov--z-loOM5_heXqO_aeg1xIgSkEQ,M Khan,https://lh3.googleusercontent.com/-om5m2NmNEUU/AAAAAAAAAAI/AAAAAAAAAAA/AMZuuckpqHcaGoyDUsYyeL3n8caPGthkOg/photo.jpg,"Updates made that are not fully tested. They need to add option to revert back to the olddd verison. that was simple to use, but most importantly it worked.",1,15,5.2.0.9,2020-07-05 14:27:01,"What do you find troublesome about the update? We'd love to get your feedback about what specifically you liked or disliked about the new update, by writing to us at https://www.any.do/contact_form. We're constantly trying to provide the best possible app for our users, and feedback like yours help us do so.",2020-07-07 10:42:04,newest,com.anydo
gp:AOqpTOGSXJJzfuM-gE4eq9Qyvy2_8CqE9_t6SiLQcdHdtjsb5CqfiviUgAwyRekULFQlqFBMvhLs_EdYWDhuYJo,G C,https://lh3.googleusercontent.com/a-/AOh14GjAY49ILYXWVWZ8O0eEs6R0t_E0vYzvaiP1VHMW,Paid for premium. Sync does not work. Publisher does not reply. Started reading reviews and found numerous people with the same problem. Going to try to get my money back. Nice app if you don't care about backups or syncing between devices or customer support. Switched to Goalify and finding them extremely responsive,1,11,,2020-02-06 15:06:06,,,most_relevant,com.oristats.habitbull
gp:AOqpTOFQhk2XtRwsqP4xPO7jO4-9XC6w1b7Y1sPFwxPQHsAAIDhMzkCsPC4UulfjUBHKp8_lkC9tq8AstClvLoU,Promise Emmanuel,https://lh3.googleusercontent.com/a-/AOh14GjdK-RcRjtvaz3Dx-bSEf2KxHILDKy28DRoBO1fBQ,"This app doesn't let me log in to my previous account. Once I skipped the initial registration page due to some network issues, I tried logging in but it only shows Sign Up or connect to Facebook which I definitely don't want to use. When I use my previous account on Sign up it tells me that the email is already taken. Please fix this issue.",1,4,1.5.11,2018-10-08 08:28:45,,,most_relevant,com.oristats.habitbull
